ID,Income,CCAvg,Personal Loan,CreditCard
1,49,1.6,0,0
2,34,1.5,0,0
3,11,1,0,0
4,100,2.7,0,0
5,45,1,0,1
6,29,0.4,0,0
7,72,1.5,0,0
8,22,0.3,0,1
9,81,0.6,0,0
10,180,8.9,1,0
11,105,2.4,0,0
12,45,0.1,0,0
13,114,3.8,0,0
14,40,2.5,0,0
15,112,2,0,0
16,22,1.5,0,1
17,130,4.7,1,0
18,81,2.4,0,0
19,193,8.1,1,0
20,21,0.5,0,1
21,25,0.9,0,0
22,63,2,0,0
23,62,1.2,0,0
24,43,0.7,0,0
25,152,3.9,0,1
26,29,0.5,0,0
27,83,0.2,0,0
28,158,2.4,0,1
29,48,2.2,0,1
30,119,3.3,1,1
31,35,1.2,0,0
32,29,2,0,0
33,41,0.6,0,0
34,18,0.9,0,0
35,50,1.8,0,0
36,81,0.7,0,0
37,121,2.9,0,1
38,71,1.4,0,0
39,141,5,1,0
40,80,0.7,0,0
41,84,1.6,0,0
42,60,2.3,0,0
43,132,1.1,1,0
44,45,0.7,0,0
45,104,5.7,0,1
46,52,2.5,0,1
47,43,0.7,0,0
48,194,0.2,1,1
49,81,4.5,0,1
50,49,1.8,0,1
51,8,0.7,0,0
52,131,2.9,0,0
53,72,0.1,0,0
54,190,2.1,1,0
55,44,0.2,0,0
56,139,8,0,0
57,29,0.1,0,0
58,131,1.2,1,0
59,93,0.2,0,0
60,188,4.5,0,0
61,39,1.7,0,0
62,125,5.7,0,0
63,22,1,0,0
64,32,0,0,0
65,105,3.3,0,0
66,131,3.8,0,1
67,105,2.8,0,0
68,45,2,0,0
69,60,2.1,0,1
70,20,0.2,0,0
71,115,3.5,0,1
72,69,1,0,0
73,130,5,0,1
74,85,4,0,1
75,135,3.3,0,1
76,135,3.8,1,1
77,12,0.3,0,0
78,29,0.5,0,0
79,133,2.6,1,0
80,19,0.4,0,0
81,41,1.3,0,1
82,40,2.7,0,0
83,82,4,0,0
84,50,2.4,0,0
85,18,0.9,0,0
86,109,1.8,0,0
87,42,2.2,0,0
88,78,1.1,0,0
89,51,1.1,0,0
90,113,2.3,0,1
91,118,5.6,1,0
92,29,1.1,0,0
93,34,0.6,0,0
94,64,1.7,0,0
95,121,2,0,0
96,48,0.2,0,0
97,80,5.2,0,0
98,161,2.9,0,0
99,94,0.3,0,0
100,15,0.1,0,0
101,74,1.2,0,0
102,30,1.3,0,0
103,44,1,0,1
104,22,0.3,0,0
105,38,1.3,0,1
106,35,0.1,0,0
107,69,2.9,0,1
108,43,0.7,0,0
109,32,0.6,0,0
110,49,2.8,0,0
111,9,1,0,0
112,45,1.3,0,0
113,82,1,0,0
114,92,2.8,0,0
115,39,0.5,0,0
116,81,1.8,0,0
117,35,1.5,0,0
118,61,2.3,0,0
119,73,3,0,0
120,112,4.6,0,0
121,12,0.2,0,0
122,38,0.9,0,0
123,73,0.7,0,1
124,84,3.6,0,0
125,78,2.4,0,0
126,80,0.5,0,0
127,115,1.3,0,1
128,82,2.7,0,0
129,74,0,0,0
130,70,0.5,0,1
131,81,1.5,0,0
132,149,7.2,1,1
133,51,1.75,0,0
134,39,1.1,0,0
135,98,1.8,0,0
136,45,2.1,0,1
137,49,2.5,0,0
138,128,0.4,0,0
139,42,1.5,0,1
140,18,1.2,0,0
141,31,0.4,0,1
142,58,2,0,1
143,48,2.1,0,1
144,54,1.6,0,1
145,70,1.5,0,0
146,124,7.4,0,1
147,84,2.67,0,1
148,83,3.6,0,0
149,163,0.4,0,0
150,42,2.2,0,0
151,118,7.5,0,1
152,132,6.5,1,1
153,24,1.3,0,1
154,22,1,0,1
155,58,1.3,0,0
156,60,1.6,0,0
157,15,0.4,0,1
158,83,2.67,0,1
159,79,1.5,0,1
160,41,1.7,0,0
161,134,6.5,1,0
162,80,2.8,0,0
163,52,2,0,0
164,70,2.6,0,0
165,92,1.1,0,0
166,43,1.5,0,0
167,21,1,0,0
168,23,0.9,0,1
169,13,1,0,0
170,112,2.1,0,1
171,138,2,0,0
172,11,0.4,0,0
173,171,7.8,0,0
174,42,1.5,0,1
175,168,7.9,1,0
176,85,1.1,0,0
177,44,1,0,0
178,65,1.8,0,0
179,24,0.2,0,1
180,11,0.1,0,0
181,38,1,0,0
182,10,0.7,0,0
183,135,1.5,0,0
184,148,4.1,1,0
185,63,1.5,0,0
186,115,1,0,0
187,45,0.3,0,1
188,159,1.9,1,0
189,169,2.1,0,0
190,112,1.4,0,0
191,93,4.3,0,0
192,29,0.3,0,0
193,85,2.67,0,0
194,21,0.6,0,1
195,144,6.8,0,0
196,13,1,0,0
197,165,5,0,1
198,9,0.7,0,0
199,59,0,0,0
200,158,5.1,1,1
201,29,1.9,0,1
202,20,1.4,0,1
203,68,2,0,0
204,65,2.2,0,0
205,61,1.9,0,0
206,91,1.4,0,1
207,31,1,0,0
208,71,0.1,0,0
209,73,2.67,0,1
210,172,3.1,1,1
211,20,0,0,0
212,55,0.2,0,0
213,69,1.7,0,0
214,155,7.4,0,0
215,94,1.9,0,0
216,92,0,0,1
217,125,0.6,0,0
218,74,3,0,0
219,72,0.3,0,0
220,61,2.2,0,1
221,25,0.3,0,1
222,83,1.7,0,0
223,104,2.5,0,0
224,41,1,0,0
225,58,1.8,0,0
226,93,1.5,0,1
227,39,1.7,0,0
228,148,7.5,0,1
229,53,1.9,0,1
230,71,1.7,0,1
231,92,2.8,0,0
232,61,2.1,0,0
233,38,2.5,0,0
234,58,1.7,0,0
235,80,0.8,0,0
236,71,1.8,0,0
237,89,0.5,0,1
238,83,1.8,0,0
239,28,0.2,0,1
240,52,1.7,0,0
241,70,1.2,0,0
242,71,1.4,0,1
243,75,3.7,0,0
244,170,7.9,1,0
245,78,0.8,0,0
246,25,1,0,0
247,60,0.6,0,1
248,120,2.7,1,0
249,99,1.4,0,1
250,55,2.6,0,1
251,29,1,0,0
252,170,6.2,1,0
253,53,2.2,0,1
254,138,0,0,0
255,134,3.9,1,0
256,42,0.7,0,1
257,99,2.3,0,1
258,18,0.5,0,1
259,24,0.3,0,0
260,55,1.4,0,0
261,58,0,0,1
262,111,1.2,1,0
263,33,0.3,0,1
264,74,1.8,0,1
265,38,0.7,0,0
266,23,0.6,0,0
267,61,1.5,0,0
268,81,2.9,0,0
269,129,2.5,0,0
270,33,0.75,0,0
271,63,2.2,0,0
272,70,1.4,0,0
273,45,0.2,0,1
274,65,0.5,0,0
275,74,2.2,0,1
276,50,1.8,0,0
277,22,0.5,0,0
278,30,1,0,0
279,21,1,0,0
280,155,3.9,0,0
281,64,2.1,0,0
282,65,2.6,0,1
283,71,0.7,0,0
284,40,0.5,0,0
285,69,0.5,0,0
286,69,2.33,0,0
287,45,0.6,0,0
288,62,0.7,0,1
289,172,4.3,1,0
290,24,1,0,1
291,80,4.9,0,0
292,8,0.67,0,0
293,38,0.8,0,1
294,93,2.6,0,0
295,55,2,0,0
296,64,1.7,0,1
297,122,0,0,0
298,70,1.4,0,0
299,81,3.2,0,0
300,159,5.5,1,0
301,70,1.3,0,0
302,150,6.9,0,0
303,152,7.5,0,0
304,195,3,1,0
305,22,0.1,0,0
306,22,1.3,0,0
307,79,0.8,0,1
308,33,1.4,0,0
309,128,4.33,0,1
310,91,3.8,0,0
311,39,0.9,0,1
312,121,7.3,0,0
313,21,0.67,0,0
314,41,2.3,0,1
315,45,0.7,0,0
316,51,0.3,0,0
317,165,1.6,1,0
318,119,4.2,1,0
319,110,1.8,0,0
320,20,0.7,0,1
321,64,0.8,0,0
322,101,4.4,1,0
323,101,3.9,1,0
324,99,4.4,1,0
325,158,6.1,1,0
326,89,1.9,0,1
327,80,1.3,0,1
328,114,2,0,0
329,49,0.5,0,1
330,191,6.33,0,0
331,78,1,0,0
332,28,1,0,0
333,42,0.8,0,0
334,140,2.5,0,0
335,45,1.3,0,0
336,122,0.3,0,1
337,65,2.6,0,0
338,68,1.4,0,0
339,153,2,0,0
340,89,1.4,0,0
341,91,2.6,0,1
342,55,2,0,0
343,118,3.3,0,1
344,22,0.67,0,0
345,63,1.4,0,1
346,12,0.5,0,0
347,50,2.7,0,0
348,43,1.6,0,1
349,173,6.6,1,1
350,60,3,1,0
351,113,1,0,0
352,155,5.3,1,0
353,91,1,0,1
354,55,1.1,0,0
355,173,1.4,0,0
356,71,0.3,0,1
357,24,0.4,0,0
358,42,2,0,0
359,141,4.33,0,0
360,32,1.9,0,0
361,55,1.3,0,0
362,153,7.5,0,0
363,113,1.4,0,1
364,30,1.7,0,0
365,29,1,0,1
366,174,6.8,1,0
367,35,0.3,0,0
368,98,2,0,0
369,30,1,0,0
370,58,2.5,0,1
371,25,1,0,0
372,19,0.7,0,0
373,44,0.7,0,0
374,20,1,0,1
375,98,3.1,0,0
376,90,1.6,0,0
377,61,0.7,0,0
378,40,2,0,0
379,38,2.1,0,0
380,28,1.7,0,0
381,34,1.5,0,1
382,73,2.3,0,1
383,133,2,1,1
384,53,0.2,0,0
385,21,0.6,0,1
386,40,0.9,0,0
387,41,1.7,0,0
388,82,1.8,0,0
389,100,3.4,1,0
390,155,7,0,1
391,45,0.2,0,0
392,9,0.3,0,1
393,48,1.8,0,0
394,18,0.1,0,1
395,80,3.4,0,1
396,64,2.8,0,0
397,29,0.1,0,0
398,48,0.7,0,0
399,23,0.4,0,0
400,84,0.2,0,1
401,179,6.6,1,0
402,30,1.5,0,1
403,93,4.9,0,1
404,39,1.9,0,0
405,60,0.5,0,0
406,133,3.8,0,1
407,125,2.4,0,0
408,58,1.8,0,0
409,89,2.8,0,0
410,82,2.67,0,0
411,110,3.3,0,1
412,54,2.3,0,0
413,89,1.9,0,0
414,42,2.3,0,0
415,41,1.9,0,1
416,38,1,0,0
417,85,0.4,0,0
418,83,1,0,0
419,33,1,0,0
420,50,2.1,0,1
421,58,3.6,0,1
422,115,3.1,1,0
423,145,6.3,0,0
424,161,7.5,0,0
425,38,0.2,0,0
426,28,0.8,0,0
427,75,2.33,0,1
428,35,1.3,0,1
429,24,1,0,1
430,78,0.1,0,0
431,113,1.3,0,0
432,75,2.1,0,0
433,91,5.7,0,0
434,31,0.2,0,1
435,45,1.8,0,0
436,80,0.8,0,0
437,50,1.4,0,0
438,31,1,0,0
439,113,3.8,1,1
440,29,0.6,0,0
441,59,1.5,0,0
442,43,1.3,0,0
443,122,3,1,0
444,29,1,0,0
445,91,0,0,1
446,65,2.2,0,0
447,22,1,0,1
448,71,1.4,0,0
449,60,2,0,1
450,60,2,0,0
451,69,0.3,0,1
452,48,1.75,0,0
453,21,0.2,0,0
454,53,2.8,0,0
455,29,0.9,0,0
456,60,2.2,0,0
457,42,0.5,0,0
458,69,0.3,0,0
459,20,1,0,1
460,200,3,0,0
461,141,2.1,0,1
462,81,3.7,0,0
463,183,8.3,1,0
464,149,5.5,1,0
465,83,3.6,1,1
466,35,1.9,0,0
467,13,0.9,0,0
468,39,2.4,0,1
469,21,0.5,0,0
470,10,0.7,0,1
471,84,1.8,0,0
472,30,0.1,0,1
473,31,0.3,0,0
474,182,1.2,1,0
475,114,6.9,0,0
476,152,6.1,1,0
477,53,0.8,0,1
478,24,0.4,0,0
479,150,3.3,0,1
480,132,6,0,1
481,68,1.6,0,1
482,53,1.2,0,1
483,173,4.6,1,0
484,30,1,0,0
485,113,0.2,0,1
486,15,0.8,0,0
487,84,3.7,0,0
488,88,1.4,0,1
489,43,2.8,0,0
490,43,2.1,0,1
491,90,2.7,0,0
492,34,0.3,0,0
493,38,1.3,0,0
494,173,1,0,1
495,160,8,0,0
496,44,0.6,0,1
497,83,0.4,0,0
498,94,2.6,0,0
499,43,2.1,0,1
500,42,1.7,0,0
501,34,0.3,0,0
502,39,1.9,0,0
503,70,0.1,0,0
504,39,1.8,0,1
505,44,2,0,0
506,69,3.1,1,0
507,44,0.9,0,0
508,32,0.1,0,0
509,15,0.7,0,0
510,118,6.8,0,0
511,62,1.3,0,0
512,82,2.2,0,0
513,54,3,0,1
514,48,2.1,0,0
515,74,0.3,0,0
516,113,1,0,1
517,81,1.7,0,0
518,43,1,0,0
519,34,1.8,0,0
520,48,2.5,0,0
521,54,1.2,0,1
522,75,1.4,0,0
523,72,2.8,0,0
524,39,0.9,0,0
525,75,0.2,0,0
526,79,2.8,0,0
527,205,6.33,0,1
528,65,0.1,0,0
529,122,0.2,1,0
530,82,0.8,0,0
531,21,0.2,0,1
532,50,2.1,0,1
533,39,2.8,0,1
534,101,1.9,0,0
535,41,0.6,0,0
536,132,0.3,0,0
537,43,2.4,0,0
538,131,4.9,1,0
539,11,0.4,0,1
540,21,0.3,0,0
541,109,2.3,0,0
542,141,4.33,0,0
543,81,0.1,0,0
544,54,2.4,0,1
545,164,7.8,0,0
546,28,0.3,0,0
547,68,2.6,0,0
548,44,2,0,1
549,61,1.4,0,1
550,35,1.3,0,1
551,54,0.3,0,1
552,14,0.1,0,1
553,52,2.2,0,0
554,101,0.3,0,0
555,149,7.2,0,0
556,35,0.8,0,1
557,21,0.3,0,0
558,118,1.9,0,1
559,38,2,0,0
560,24,0.2,0,0
561,59,3.7,0,0
562,41,1.67,0,0
563,85,0.8,0,1
564,12,1,0,0
565,32,0.6,0,0
566,79,0.8,0,0
567,175,3.6,1,1
568,28,0.9,0,0
569,41,0.1,0,1
570,70,2.1,0,0
571,161,6.5,1,0
572,53,2.2,0,0
573,128,3.4,0,0
574,50,1,0,1
575,80,2,0,1
576,93,2.7,0,0
577,48,0.3,0,1
578,149,6.8,0,0
579,49,2.5,0,1
580,88,2.7,0,0
581,22,0.4,0,1
582,55,2.2,0,1
583,72,0.7,0,0
584,38,1.7,0,0
585,114,3.4,0,0
586,83,4,0,0
587,101,0.4,0,1
588,94,4.9,0,0
589,40,2.5,0,1
590,128,6,0,0
591,39,2.1,0,0
592,51,1,0,0
593,79,2,0,1
594,48,2.2,0,0
595,85,0,0,0
596,41,1.8,0,0
597,152,3.5,1,0
598,125,7.2,0,1
599,11,0.2,0,0
600,103,2.5,0,1
601,141,0.5,0,0
602,38,1.4,0,1
603,135,0.6,0,0
604,28,0.5,0,0
605,70,2.2,0,1
606,41,0.2,0,1
607,81,0.9,0,0
608,170,0.1,1,0
609,55,1.7,0,0
610,24,1.5,0,0
611,81,1.8,0,0
612,32,1.8,0,0
613,129,1.3,0,1
614,108,0.9,0,0
615,180,8.6,0,1
616,139,6.9,0,0
617,33,1.4,0,1
618,74,2.6,0,0
619,42,0.7,0,0
620,73,3,0,0
621,115,2.9,1,0
622,114,1.8,0,0
623,92,1.9,0,0
624,34,0.3,0,0
625,54,1.67,0,0
626,64,1,0,0
627,42,0.2,0,1
628,70,2.1,0,0
629,51,1.3,0,0
630,71,2.9,0,1
631,35,1.3,0,1
632,40,1,0,0
633,165,2.7,1,0
634,18,1.5,0,1
635,32,1.4,0,1
636,35,0.2,0,0
637,120,6.1,0,0
638,31,0.1,0,0
639,35,1.5,0,0
640,32,0.2,0,1
641,85,3.7,0,0
642,139,7.8,0,0
643,103,0.3,0,0
644,152,1.4,0,0
645,33,2,0,0
646,84,2.2,0,0
647,61,1.7,0,0
648,64,2.2,0,1
649,34,1.3,0,0
650,82,2.1,0,0
651,122,5.1,1,0
652,58,1.5,0,0
653,92,2.8,0,0
654,78,2.4,0,1
655,129,4.2,1,0
656,13,0.7,0,0
657,81,2.8,0,0
658,23,0.67,0,0
659,35,0.9,0,0
660,79,1.7,0,1
661,165,3.3,0,0
662,52,2.8,0,0
663,185,2,1,0
664,49,2.2,0,0
665,64,1.8,0,1
666,61,2,0,0
667,112,2.4,0,1
668,72,2,0,0
669,18,0.5,0,0
670,41,2.5,0,0
671,61,2.6,0,0
672,105,3,1,0
673,23,0.2,0,0
674,22,0.5,0,0
675,59,2.1,0,0
676,33,2,0,0
677,11,0.9,0,1
678,204,2.8,0,0
679,61,1.8,0,0
680,103,1.8,0,0
681,51,1.5,0,1
682,164,6,1,0
683,12,0.1,0,1
684,82,3.6,0,0
685,164,2.4,0,0
686,48,1.67,0,0
687,38,0.6,0,0
688,65,1.5,0,0
689,71,1.9,0,0
690,18,0.3,0,0
691,52,1.6,0,0
692,48,2.5,0,1
693,30,1,0,0
694,40,2.2,0,0
695,112,3.8,0,0
696,115,1.9,0,0
697,63,1,0,0
698,85,3.7,0,0
699,59,2.5,0,0
700,68,0.8,0,0
701,84,1.8,0,1
702,62,0.8,0,1
703,109,4,1,0
704,141,7.6,0,0
705,129,7.4,0,0
706,30,0.7,0,0
707,148,4.7,0,0
708,25,0.67,0,1
709,21,1.3,0,0
710,72,2.2,0,0
711,59,0.9,0,1
712,83,1.8,0,0
713,10,0.3,0,0
714,84,0.6,0,0
715,98,2,0,0
716,32,1,0,1
717,31,0.4,0,1
718,94,0.5,0,1
719,21,0.2,0,1
720,110,4.4,0,0
721,38,2.2,0,0
722,39,1.4,0,0
723,132,1.2,1,1
724,61,2.6,0,0
725,92,2,0,0
726,119,6.1,0,0
727,53,2.1,0,0
728,18,1.3,0,0
729,114,4.4,1,0
730,90,3,0,1
731,140,7,0,0
732,90,3.3,0,1
733,85,1.9,0,0
734,80,1.2,0,0
735,53,1.1,0,1
736,49,2.2,0,0
737,152,3.3,1,0
738,138,2.8,1,0
739,80,2.2,0,0
740,82,2.4,0,0
741,195,8.1,0,0
742,22,1.2,0,0
743,81,2.5,0,0
744,40,2.2,0,1
745,154,2.8,0,0
746,49,1.1,0,1
747,85,3.4,0,0
748,21,0.1,0,0
749,14,1,0,0
750,60,1.6,0,1
751,138,4.33,0,0
752,98,1.3,0,0
753,22,0.6,0,0
754,49,1.2,0,1
755,102,1.9,0,1
756,45,0.7,0,1
757,82,1.3,0,0
758,81,1.8,0,0
759,35,1.5,0,0
760,59,1.9,0,0
761,52,1.1,0,0
762,84,0.7,0,0
763,85,2.7,0,0
764,65,0.2,0,1
765,89,1.7,0,1
766,109,1.8,1,0
767,81,2.8,0,0
768,38,1.1,0,0
769,72,1.7,0,0
770,78,2,0,0
771,172,6.9,1,0
772,71,2.33,0,0
773,165,4.1,1,1
774,120,3.9,0,1
775,39,0.2,0,1
776,23,0.7,0,1
777,135,4.6,1,0
778,12,0.2,0,1
779,92,0.7,0,0
780,192,6.4,1,0
781,42,0.8,0,1
782,158,3.7,1,0
783,194,6,1,1
784,160,7.6,0,0
785,98,6.3,0,0
786,164,7.6,0,1
787,42,2.5,0,0
788,202,10,1,0
789,10,0.7,0,0
790,31,0.3,0,0
791,58,0.9,0,1
792,65,2.8,0,0
793,98,4,0,1
794,150,2,0,0
795,44,2.3,0,0
796,15,0.2,0,1
797,82,2.5,0,0
798,61,0.5,0,0
799,38,2,0,0
800,39,2.1,0,0
801,173,6,0,0
802,8,0.2,0,0
803,51,2,0,0
804,62,1.8,0,0
805,34,0.7,0,0
806,132,5.9,1,0
807,44,1.5,0,0
808,162,8.1,0,0
809,64,2.2,0,0
810,111,0.1,0,1
811,41,2,0,0
812,52,1.67,0,0
813,65,2.2,0,0
814,130,1.1,1,0
815,45,0.1,0,1
816,35,1.9,0,0
817,65,0.7,0,1
818,38,0.7,0,0
819,42,1.1,0,1
820,45,1.5,0,0
821,145,0.3,0,0
822,33,1.5,0,0
823,60,1.4,0,0
824,45,2,0,1
825,72,2.4,0,0
826,34,0.2,0,0
827,23,0.67,0,0
828,45,1,0,1
829,28,1,0,0
830,81,3.8,0,0
831,72,0.7,0,0
832,49,1.67,0,0
833,31,1.2,0,0
834,63,2.2,0,0
835,150,5.4,1,0
836,142,3.9,0,1
837,74,3,0,1
838,24,0.4,0,0
839,29,1.9,0,0
840,79,2.4,0,0
841,94,0.2,0,1
842,121,4.3,0,0
843,54,2,0,0
844,73,2.4,0,0
845,71,0.8,0,0
846,29,1,0,1
847,93,2.7,0,0
848,73,1.5,0,0
849,19,0.9,0,0
850,58,0.1,0,1
851,39,0.2,0,0
852,23,1.4,0,0
853,29,0.6,0,1
854,155,0.8,0,0
855,90,2.6,0,0
856,113,2,0,0
857,42,1.8,0,0
858,30,0.2,0,1
859,19,0.5,0,0
860,124,5,1,0
861,30,0.7,0,0
862,28,1.5,0,0
863,15,1,0,0
864,70,1.6,0,0
865,10,0.1,0,0
866,22,0.3,0,1
867,70,1.9,0,0
868,61,1.6,0,0
869,161,3.3,0,1
870,29,0.8,0,1
871,35,0.5,0,0
872,48,2.8,0,0
873,44,0.8,0,0
874,88,0.8,0,0
875,40,2.1,0,1
876,21,0.4,0,0
877,58,2.8,0,0
878,59,0.1,0,0
879,74,4,0,0
880,84,1.9,0,0
881,58,0.2,0,0
882,154,8.8,0,0
883,185,1.7,0,0
884,78,1.2,0,0
885,55,1.1,0,0
886,30,0.3,0,0
887,74,2,0,0
888,118,3.3,0,0
889,182,3.3,1,0
890,82,1.6,0,1
891,29,1.5,0,0
892,120,5.4,1,1
893,53,2.4,0,0
894,43,1.4,0,1
895,59,2.2,0,1
896,84,2.6,0,1
897,161,3.4,1,0
898,21,0.4,0,1
899,63,0.7,0,0
900,172,3.4,1,1
901,51,0.2,0,1
902,24,0.7,0,0
903,95,1.6,0,0
904,59,2.4,0,0
905,51,1.8,0,0
906,28,1,0,1
907,154,2,0,0
908,15,0.3,0,1
909,55,1.67,0,1
910,149,6.33,0,1
911,79,1.8,0,1
912,68,2.6,0,0
913,78,2.6,0,0
914,34,2,0,0
915,195,0.4,1,1
916,184,8.1,0,0
917,85,3.2,0,0
918,200,8.8,0,1
919,64,0.5,0,0
920,88,2.6,0,1
921,42,2.4,0,0
922,91,1.6,0,1
923,38,0.3,0,0
924,28,1.5,0,0
925,32,0.1,0,0
926,31,0.3,0,1
927,22,0.4,0,0
928,95,3.7,1,1
929,74,1.3,0,0
930,22,1.5,0,1
931,43,0.1,0,0
932,43,1,0,0
933,112,1.8,0,1
934,9,1,0,0
935,81,0,0,0
936,131,5.7,0,1
937,19,1.5,0,0
938,62,0.7,0,0
939,19,0.4,0,0
940,8,0.3,0,1
941,193,4.7,1,0
942,129,4.4,1,0
943,30,0.7,0,1
944,80,1.8,0,0
945,22,1.5,0,1
946,33,1.5,0,0
947,64,2.1,0,0
948,60,2.2,0,0
949,81,2.9,0,1
950,45,0.6,0,0
951,112,1.8,0,0
952,83,3.4,1,0
953,180,7.6,0,1
954,28,0.2,0,0
955,169,5.2,1,0
956,14,0.7,0,0
957,43,2,0,0
958,88,0.3,0,0
959,78,2.6,0,1
960,68,0.2,0,0
961,144,3.3,0,1
962,30,1,0,0
963,120,0,0,0
964,24,0.3,0,0
965,78,2.3,0,0
966,135,5.2,1,0
967,44,1.6,0,0
968,73,3.8,0,0
969,90,2.7,0,1
970,58,0.5,0,0
971,75,3.7,0,0
972,174,1.7,1,1
973,50,1.7,0,0
974,85,4,0,0
975,54,2.2,0,0
976,83,3.4,1,0
977,24,0.2,0,0
978,45,1.1,0,0
979,68,0.8,0,1
980,48,0.1,0,1
981,114,1,0,1
982,142,2.3,1,1
983,52,0.5,0,1
984,142,3.3,0,0
985,15,0.4,0,0
986,118,4.7,0,1
987,101,4.9,0,0
988,84,2.8,0,0
989,32,1.9,0,0
990,64,0.5,0,0
991,81,3.4,0,0
992,28,1.5,0,1
993,93,0,0,0
994,185,3.6,1,0
995,42,1.8,0,0
996,45,1.6,0,1
997,49,1.67,0,0
998,69,2.1,0,0
999,94,2.8,0,0
1000,18,1.5,0,1
1001,8,0.7,0,0
1002,55,2.1,0,0
1003,85,0.4,0,0
1004,62,0,0,0
1005,65,2,0,0
1006,138,0,0,0
1007,103,2.5,0,0
1008,99,3.5,1,0
1009,152,7.3,0,0
1010,25,0.9,0,0
1011,98,2.5,0,1
1012,39,0.7,0,0
1013,40,1.3,0,1
1014,58,2.1,0,0
1015,192,1.8,1,1
1016,62,0.8,0,0
1017,69,0.8,0,0
1018,40,1.3,0,0
1019,61,0.6,0,0
1020,30,0.3,0,0
1021,29,1.5,0,0
1022,41,1,0,1
1023,118,3.3,1,0
1024,109,7,0,0
1025,122,0.2,1,0
1026,50,1.5,0,0
1027,43,0.1,0,0
1028,108,4.6,0,0
1029,110,2.5,1,0
1030,20,1.4,0,0
1031,112,1.7,0,1
1032,25,0.1,0,0
1033,42,0.7,0,1
1034,29,0.3,0,0
1035,84,2.1,0,0
1036,81,2.6,0,0
1037,55,0.9,0,1
1038,40,2.4,0,0
1039,145,5.7,1,1
1040,175,1.1,1,0
1041,78,1.8,0,0
1042,51,1.5,0,0
1043,50,1.67,0,0
1044,21,0.4,0,0
1045,79,0.2,0,1
1046,84,4,0,0
1047,34,0.4,0,0
1048,73,1.6,0,0
1049,90,0.5,0,0
1050,23,0.2,0,0
1051,145,6.1,1,1
1052,54,0.2,0,0
1053,49,2.2,0,1
1054,51,2.8,0,0
1055,8,0.6,0,0
1056,62,1,0,0
1057,25,0.67,0,0
1058,63,1.75,0,0
1059,24,0.2,0,0
1060,11,0.1,0,1
1061,23,0.1,0,1
1062,33,1.4,0,0
1063,83,3.8,1,0
1064,39,1.4,0,1
1065,138,6.9,1,0
1066,113,2.5,0,1
1067,125,0.5,1,0
1068,195,1.7,0,0
1069,105,1.2,0,0
1070,75,3.5,1,0
1071,40,1,0,0
1072,61,0.5,0,0
1073,75,4.5,0,0
1074,122,0,0,1
1075,75,3,0,1
1076,59,0.2,0,0
1077,24,1,0,0
1078,175,3.3,1,0
1079,39,0.8,0,1
1080,145,6.8,0,0
1081,24,0.4,0,0
1082,20,0.1,0,0
1083,85,2.6,0,0
1084,65,2.6,0,0
1085,191,5.6,1,0
1086,11,0,0,0
1087,40,1,0,0
1088,54,0.7,0,0
1089,95,3.8,0,1
1090,94,1,0,0
1091,79,2.2,0,0
1092,48,0.3,0,1
1093,70,2.6,0,0
1094,40,0.1,0,0
1095,44,1.8,0,1
1096,43,1.4,0,0
1097,29,0.3,0,0
1098,188,1.3,1,1
1099,114,0,0,1
1100,52,0.7,0,0
1101,13,0.2,0,0
1102,95,0.5,0,0
1103,84,2.9,0,0
1104,49,1.8,0,0
1105,181,1.7,0,1
1106,182,0.3,1,1
1107,70,2.7,0,0
1108,79,1.1,0,1
1109,61,2.8,0,1
1110,121,2.1,0,0
1111,34,0.2,0,0
1112,183,1,0,0
1113,51,1.6,0,1
1114,70,0.3,0,1
1115,39,1.7,0,1
1116,84,2,0,0
1117,122,7,0,1
1118,145,1.7,0,1
1119,98,0.4,0,1
1120,79,1,0,0
1121,38,2,0,1
1122,49,0.7,0,1
1123,38,1,0,0
1124,91,2.6,0,0
1125,29,0.2,0,1
1126,172,6.5,0,0
1127,104,3.7,1,1
1128,58,2.5,0,1
1129,171,1.9,1,0
1130,73,3.3,1,1
1131,191,2.9,0,0
1132,90,4.5,0,0
1133,55,2.3,0,1
1134,28,2,0,0
1135,42,2.5,0,0
1136,9,0.1,0,0
1137,65,1.5,0,0
1138,134,4.5,1,0
1139,83,3.4,0,0
1140,38,1,0,0
1141,13,0.3,0,1
1142,143,2.9,1,0
1143,75,1.9,0,0
1144,120,3.2,1,0
1145,91,2.8,0,0
1146,99,1.5,0,1
1147,71,0.1,0,0
1148,111,0.8,0,0
1149,108,5.2,0,0
1150,158,7.4,0,0
1151,81,2.67,0,0
1152,12,0.1,0,0
1153,21,0.4,0,0
1154,55,0.9,0,1
1155,42,1.8,0,0
1156,81,0.4,0,1
1157,13,0.2,0,0
1158,132,0.6,0,0
1159,99,1,0,0
1160,23,0.2,0,1
1161,40,2,0,0
1162,181,1.4,1,0
1163,112,2.2,0,0
1164,138,7.8,0,0
1165,94,3.8,1,0
1166,113,1.7,0,0
1167,112,5,1,1
1168,190,3,0,0
1169,38,1.1,0,0
1170,32,1.4,0,0
1171,104,0.6,0,1
1172,43,1.9,0,0
1173,45,1.7,0,0
1174,35,1.7,0,0
1175,42,1.2,0,1
1176,58,0.8,0,1
1177,103,3.4,1,0
1178,71,3.3,1,0
1179,14,0.4,0,0
1180,98,1.2,0,1
1181,90,0.1,0,1
1182,65,0.2,0,0
1183,19,0.4,0,1
1184,35,1.7,0,1
1185,71,1.3,0,0
1186,31,0.5,0,0
1187,43,1.2,0,0
1188,24,1.5,0,0
1189,58,0.4,0,1
1190,115,0.4,0,0
1191,168,8,0,0
1192,128,1.5,0,1
1193,138,7,0,1
1194,81,1.7,0,1
1195,41,1.3,0,0
1196,123,2.9,1,0
1197,71,2.7,0,0
1198,8,0.4,0,1
1199,42,0.7,0,0
1200,62,2.5,0,0
1201,22,1,0,0
1202,38,1,0,0
1203,24,0.4,0,0
1204,50,2.4,0,0
1205,190,1.3,1,0
1206,94,3.1,0,0
1207,165,5.1,1,0
1208,43,1.2,0,1
1209,48,1.6,0,1
1210,52,2.7,0,1
1211,84,4.9,0,0
1212,131,0.9,0,0
1213,44,0.2,0,0
1214,78,0.2,0,0
1215,15,0.4,0,0
1216,38,1.9,0,1
1217,84,1.3,0,0
1218,122,0.3,0,0
1219,98,2.8,0,0
1220,80,2.67,0,0
1221,165,8,0,0
1222,121,3.3,0,1
1223,20,0.4,0,0
1224,11,0.2,0,0
1225,45,1.8,0,0
1226,118,2.8,1,0
1227,14,0.3,0,1
1228,30,0.2,0,0
1229,45,0.2,0,0
1230,80,2.67,0,0
1231,25,0.3,0,1
1232,144,2.5,0,1
1233,84,0.2,0,0
1234,22,0.4,0,0
1235,33,1.5,0,1
1236,60,2.6,0,0
1237,81,2.2,0,0
1238,169,6.8,1,1
1239,63,1.6,0,0
1240,12,0.7,0,1
1241,15,0.8,0,0
1242,39,0.5,0,1
1243,44,2,0,0
1244,110,4,0,0
1245,130,6.3,1,1
1246,41,1.4,0,0
1247,59,1.4,0,0
1248,39,0.8,0,0
1249,35,0,0,0
1250,80,2.6,0,1
1251,81,2.67,0,0
1252,31,0.8,0,0
1253,93,1.9,0,0
1254,45,1.5,0,0
1255,40,0.6,0,1
1256,80,1.6,0,1
1257,20,0.4,0,0
1258,41,0.5,0,1
1259,31,0.3,0,1
1260,35,0.2,0,0
1261,40,1.4,0,1
1262,84,1.8,0,0
1263,53,1.6,0,0
1264,85,4,0,0
1265,138,3.9,0,0
1266,71,1.75,0,0
1267,113,0.8,0,1
1268,23,1,0,0
1269,62,2.3,0,0
1270,14,0.2,0,1
1271,60,2.2,0,1
1272,94,0.8,0,0
1273,83,1.8,0,0
1274,130,6.3,1,1
1275,61,1.7,0,0
1276,92,3.1,0,0
1277,20,0.8,0,1
1278,194,8.8,0,0
1279,74,2.5,0,1
1280,84,0.4,0,0
1281,98,1.8,0,0
1282,52,2.33,0,0
1283,55,1.3,0,1
1284,64,3.4,0,0
1285,128,2.5,0,0
1286,113,1.7,1,1
1287,50,1.1,0,1
1288,54,2.2,0,0
1289,129,0.9,0,0
1290,82,0.4,0,0
1291,100,1.7,0,0
1292,44,2.2,0,0
1293,164,0.5,1,1
1294,81,3.7,0,1
1295,71,0.1,0,1
1296,28,0.5,0,0
1297,80,1.5,0,0
1298,90,1.9,0,0
1299,74,3.6,0,1
1300,14,0.7,0,0
1301,23,0.5,0,0
1302,153,1.7,0,1
1303,38,0.9,0,0
1304,112,2,0,0
1305,145,8.1,0,1
1306,28,0.3,0,0
1307,31,1.1,0,1
1308,195,6.33,0,1
1309,50,2,0,1
1310,71,2,0,0
1311,21,0.3,0,0
1312,35,0.8,0,0
1313,42,2.4,0,1
1314,78,3.6,0,0
1315,73,2.2,0,0
1316,53,1,0,0
1317,51,1.6,0,0
1318,40,2.3,0,0
1319,178,1,0,0
1320,35,0.3,0,1
1321,192,0,1,0
1322,123,5.4,0,0
1323,48,1.67,0,1
1324,45,0.6,0,0
1325,15,0.2,0,0
1326,79,0.3,0,0
1327,63,2,0,0
1328,30,0.2,0,0
1329,145,6.9,1,1
1330,32,1,0,0
1331,64,0.1,0,1
1332,84,0.1,0,0
1333,21,0.4,0,0
1334,99,1.7,0,0
1335,35,1.3,0,0
1336,180,1.7,0,1
1337,42,1.33,0,0
1338,179,2.1,1,0
1339,42,0.1,0,0
1340,180,9,1,0
1341,82,3.4,0,0
1342,55,0.7,0,0
1343,79,2.2,0,0
1344,48,0.6,0,1
1345,93,2.7,0,0
1346,23,0.2,0,0
1347,50,2.33,0,0
1348,85,2,0,0
1349,35,1.5,0,0
1350,171,6,1,0
1351,29,1.5,0,1
1352,84,1.8,0,1
1353,20,0.5,0,0
1354,14,0.4,0,1
1355,179,8.6,0,0
1356,48,0.8,0,0
1357,74,2.8,0,0
1358,53,1.4,0,0
1359,83,2.8,0,1
1360,171,2.1,0,0
1361,85,4.9,0,0
1362,38,0.9,0,0
1363,85,1.6,0,1
1364,79,0.1,0,0
1365,69,0.4,0,0
1366,43,0.9,0,1
1367,33,0.3,0,0
1368,42,0.1,0,1
1369,40,1.9,0,0
1370,43,1.8,0,0
1371,20,0.5,0,0
1372,65,2.5,0,0
1373,139,3.4,1,0
1374,135,0.3,1,0
1375,84,1.6,0,0
1376,179,2.9,1,1
1377,45,1.3,0,0
1378,109,2.5,0,0
1379,34,0.1,0,0
1380,162,1.3,0,0
1381,105,1.4,0,0
1382,22,0.2,0,0
1383,82,1.8,0,1
1384,105,1.7,0,0
1385,62,1.8,0,0
1386,82,2,0,1
1387,72,0,0,0
1388,38,1.7,0,1
1389,25,1,0,0
1390,20,0.75,0,0
1391,80,1.8,0,1
1392,84,1.1,0,0
1393,33,1,0,1
1394,55,0.9,0,0
1395,33,0.7,0,1
1396,190,0.3,1,0
1397,43,0.3,0,0
1398,45,0.1,0,0
1399,141,3.5,0,0
1400,69,2.4,0,0
1401,78,0.1,0,0
1402,84,3.7,0,0
1403,172,5.2,1,0
1404,51,0.2,0,1
1405,75,1.4,0,0
1406,183,3.1,1,1
1407,20,0.4,0,1
1408,101,3.9,1,0
1409,129,5.9,1,0
1410,63,3.2,0,0
1411,44,2.1,0,0
1412,184,5.4,1,1
1413,100,2,0,0
1414,12,0.4,0,0
1415,68,2.3,0,0
1416,48,1,0,0
1417,82,0.4,0,0
1418,52,2.5,0,0
1419,154,4.6,1,1
1420,39,1.5,0,1
1421,40,0.3,0,1
1422,54,1.9,0,0
1423,32,1,0,1
1424,64,2.3,0,0
1425,92,1.3,0,0
1426,40,2.5,0,1
1427,60,0.5,0,0
1428,85,1.3,0,1
1429,21,0.4,0,0
1430,35,0.6,0,0
1431,52,0.1,0,0
1432,128,7.4,0,0
1433,195,6.33,0,0
1434,68,1.5,0,1
1435,55,1.1,0,0
1436,55,0.2,0,0
1437,80,0.4,0,1
1438,123,0.8,0,0
1439,90,1.9,0,0
1440,61,1.4,0,0
1441,41,2.5,0,0
1442,43,1.6,0,0
1443,71,0.1,0,0
1444,25,1,0,0
1445,154,3,1,0
1446,141,2.4,0,0
1447,22,0.9,0,0
1448,145,6.8,0,0
1449,49,0.5,0,0
1450,109,2,0,0
1451,80,0.5,0,1
1452,82,1.4,0,1
1453,52,2.5,0,0
1454,85,2.5,0,1
1455,148,1,0,0
1456,160,2.1,0,1
1457,39,1.7,0,0
1458,25,0.8,0,1
1459,33,1.4,0,1
1460,38,2.5,0,0
1461,85,0.2,0,1
1462,48,0.2,0,0
1463,15,0.6,0,0
1464,94,0,0,0
1465,120,0.6,0,0
1466,60,0.7,0,0
1467,145,4.33,0,1
1468,29,0.7,0,0
1469,78,2.67,0,0
1470,59,1.2,0,0
1471,80,4.5,0,1
1472,180,1,0,1
1473,8,0.1,0,0
1474,23,1.5,0,0
1475,79,3.8,0,0
1476,78,3.8,0,0
1477,64,0,0,1
1478,64,0.2,0,1
1479,160,3.8,1,0
1480,43,1,0,0
1481,32,1.1,0,1
1482,179,0,0,0
1483,8,0.1,0,0
1484,63,1.6,0,0
1485,40,2.3,0,0
1486,99,2.2,0,0
1487,141,4.5,1,0
1488,159,1.5,0,1
1489,39,0.3,0,0
1490,99,1.7,0,0
1491,18,0.3,0,1
1492,38,0.3,0,1
1493,133,0,0,0
1494,84,2.8,0,1
1495,60,0,0,1
1496,178,5.4,1,0
1497,18,0.5,0,1
1498,73,0.8,0,0
1499,125,7.3,0,0
1500,91,4.3,1,1
1501,74,1.1,0,0
1502,35,0.3,0,1
1503,113,2,0,1
1504,52,2.2,0,0
1505,191,4.4,1,0
1506,18,0.3,0,1
1507,25,0,0,1
1508,50,1.9,0,0
1509,75,0.7,0,1
1510,92,4.5,0,1
1511,33,2,0,0
1512,65,2.2,0,0
1513,44,1.7,0,0
1514,183,1.4,0,0
1515,175,1.4,0,1
1516,28,1.5,0,1
1517,49,2.2,0,0
1518,45,1.8,0,0
1519,64,3,1,0
1520,22,0.1,0,0
1521,120,7.4,0,1
1522,175,6.7,0,0
1523,101,2.3,0,1
1524,104,1,0,0
1525,155,0.1,1,1
1526,58,2.4,0,0
1527,80,2.2,0,0
1528,45,1.8,0,0
1529,134,4.6,0,0
1530,58,2,0,0
1531,20,0.2,0,1
1532,25,1.5,0,0
1533,55,0.3,0,1
1534,155,1.3,0,0
1535,30,1.3,0,1
1536,39,0.4,0,1
1537,73,2,0,0
1538,41,1.3,0,0
1539,34,0.1,0,0
1540,21,0.9,0,0
1541,11,0.3,0,1
1542,154,6.9,0,0
1543,19,0.4,0,0
1544,101,2.4,0,0
1545,24,1,0,1
1546,131,2.7,0,0
1547,105,4,0,0
1548,52,1.2,0,0
1549,21,0.9,0,0
1550,45,1.4,0,0
1551,39,2,0,0
1552,192,2.8,0,1
1553,195,4.3,0,0
1554,83,0.7,0,0
1555,34,1,0,0
1556,49,1.7,0,0
1557,60,4,0,0
1558,41,1.8,0,0
1559,72,2.3,0,0
1560,102,3,1,0
1561,31,1.3,0,0
1562,73,1.5,0,0
1563,89,0,0,0
1564,19,0.7,0,1
1565,63,1.2,0,0
1566,104,1.2,0,0
1567,40,0.8,0,0
1568,92,0,0,0
1569,72,0.7,0,0
1570,44,1.9,0,0
1571,114,3.5,1,1
1572,73,2.4,0,0
1573,63,1.2,0,1
1574,69,0.8,0,1
1575,42,1.5,0,0
1576,88,2.7,0,0
1577,98,0.4,0,0
1578,65,3,1,0
1579,12,0.3,0,0
1580,122,3,1,1
1581,12,0,0,0
1582,24,0.2,0,1
1583,170,4.25,1,1
1584,184,2.3,1,1
1585,25,0.6,0,0
1586,131,2.7,0,0
1587,50,2.3,0,1
1588,21,0.4,0,0
1589,55,1.1,0,0
1590,124,0.2,1,0
1591,58,2.6,0,0
1592,72,2.8,0,0
1593,192,7,1,0
1594,83,1.8,0,0
1595,93,2.8,0,0
1596,38,1,0,0
1597,55,1.9,0,0
1598,11,0.1,0,1
1599,85,0.4,0,0
1600,124,4.9,0,0
1601,129,6,0,0
1602,180,4.3,0,0
1603,74,1.4,0,0
1604,138,7,1,0
1605,111,3.6,1,1
1606,83,0.8,0,0
1607,33,1.7,0,0
1608,21,0.7,0,0
1609,35,0.3,0,0
1610,105,0.8,0,1
1611,103,0.8,0,1
1612,75,2.3,0,0
1613,33,0.7,0,0
1614,52,1.7,0,0
1615,89,2.6,0,1
1616,63,2.5,0,0
1617,84,3.1,1,0
1618,44,2.1,0,0
1619,29,1,0,1
1620,29,0.3,0,0
1621,22,0.3,0,0
1622,53,2.2,0,0
1623,24,0.3,0,0
1624,153,1.3,0,0
1625,31,0.3,0,0
1626,21,0.7,0,0
1627,180,6.7,0,0
1628,82,0.7,0,1
1629,90,0.8,0,0
1630,154,7.4,1,0
1631,99,1.8,0,1
1632,153,2.6,1,1
1633,93,3.1,1,0
1634,53,0,0,0
1635,18,1.3,0,1
1636,70,2.9,0,0
1637,100,1.7,0,1
1638,193,6.3,1,0
1639,125,0,0,1
1640,68,0,0,0
1641,55,2,0,0
1642,152,3.6,1,0
1643,84,1.5,0,1
1644,13,0,0,0
1645,33,0.4,0,1
1646,89,1,0,0
1647,93,2.4,0,0
1648,68,1.8,0,0
1649,85,1.7,0,1
1650,73,0.8,0,0
1651,83,2.2,0,0
1652,158,6.3,1,0
1653,182,6,1,0
1654,24,0.9,0,1
1655,102,2,0,1
1656,53,2.8,0,0
1657,175,3.3,0,0
1658,28,1,0,0
1659,14,0.8,0,0
1660,139,4,1,1
1661,34,0.9,0,0
1662,64,1.5,0,1
1663,84,0.1,0,0
1664,42,0.5,0,0
1665,63,1.6,0,0
1666,100,1.2,0,1
1667,190,4.2,1,0
1668,22,1,0,0
1669,20,0.8,0,1
1670,21,1.4,0,1
1671,25,0.4,0,0
1672,20,1.1,0,0
1673,173,0.2,1,1
1674,81,2.5,0,1
1675,139,0.8,1,0
1676,119,3.9,0,0
1677,74,2.6,0,0
1678,42,1.5,0,0
1679,73,1.1,0,0
1680,114,5.2,1,0
1681,44,1,0,0
1682,141,4.33,0,0
1683,14,0,0,0
1684,33,0.4,0,0
1685,83,2,0,0
1686,89,0.8,0,0
1687,39,2.2,0,0
1688,83,2,0,1
1689,108,2,0,0
1690,21,1.3,0,1
1691,102,1.9,0,0
1692,48,1.6,0,1
1693,32,1.4,0,0
1694,43,0.2,0,0
1695,35,0.4,0,0
1696,184,6,0,0
1697,140,7.6,0,0
1698,32,0.7,0,1
1699,149,1.7,0,0
1700,15,0.6,0,1
1701,71,2.33,0,0
1702,108,1.8,0,0
1703,122,0.5,0,1
1704,40,0.1,0,0
1705,198,6.67,0,1
1706,79,1.4,0,1
1707,84,0.1,0,0
1708,31,0.4,0,1
1709,12,0.6,0,1
1710,88,1.6,0,1
1711,29,0.3,0,1
1712,201,6.33,0,0
1713,20,1.4,0,0
1714,15,1,0,0
1715,155,0.4,0,1
1716,25,0.2,0,0
1717,200,6.5,0,0
1718,101,2.7,0,0
1719,19,0.4,0,1
1720,188,6.5,0,1
1721,8,0.3,0,0
1722,59,2.3,0,0
1723,72,2.6,0,0
1724,55,1.5,0,0
1725,24,0.67,0,0
1726,19,1.3,0,0
1727,71,2.3,0,1
1728,54,1.5,0,1
1729,28,0.3,0,0
1730,25,0.4,0,0
1731,51,0.6,0,1
1732,125,2.4,1,0
1733,88,1.8,0,1
1734,125,2.2,0,0
1735,79,2.1,0,0
1736,31,0.4,0,1
1737,131,2.7,0,1
1738,70,0.2,0,0
1739,38,0.9,0,1
1740,83,2.5,0,1
1741,59,2.4,0,0
1742,121,4.7,0,0
1743,42,0.7,0,0
1744,32,1.8,0,0
1745,29,0.8,0,0
1746,40,1.1,0,1
1747,25,0.3,0,1
1748,21,0.4,0,1
1749,79,0.7,0,0
1750,52,2.1,0,0
1751,61,1.7,0,0
1752,25,0.2,0,0
1753,155,7.4,1,0
1754,25,0.4,0,0
1755,80,4.9,0,0
1756,55,1.7,0,1
1757,23,0,0,0
1758,60,1.2,0,1
1759,54,0.7,0,0
1760,44,0.8,0,0
1761,33,0,0,0
1762,45,2,0,1
1763,55,1.67,0,1
1764,134,5,0,1
1765,44,0.6,0,0
1766,149,7.2,0,0
1767,22,0.2,0,0
1768,74,2.33,0,0
1769,128,5.3,1,0
1770,62,2.2,0,0
1771,9,0.1,0,0
1772,9,0.7,0,0
1773,15,0.3,0,0
1774,28,0.8,0,0
1775,83,0.5,0,1
1776,73,0.8,0,0
1777,42,1.1,0,0
1778,34,0.7,0,1
1779,32,1,0,0
1780,68,2.8,0,0
1781,82,2.9,0,0
1782,19,0.7,0,1
1783,60,2.8,0,1
1784,192,1.7,0,0
1785,119,2,1,0
1786,190,4.5,0,0
1787,34,1.5,0,0
1788,44,0.2,0,1
1789,23,0.2,0,0
1790,171,0.7,1,1
1791,43,0.3,0,1
1792,139,0,0,1
1793,118,5.7,0,1
1794,113,0.8,1,0
1795,98,3.9,1,0
1796,70,2.9,0,1
1797,42,2.1,0,0
1798,143,8.6,0,1
1799,185,2.7,1,0
1800,28,0.4,0,0
1801,45,1.5,0,1
1802,78,2.6,0,0
1803,121,1.3,0,0
1804,59,1.6,0,0
1805,64,2.67,0,0
1806,15,0,0,0
1807,10,0.1,0,0
1808,61,0.4,0,0
1809,50,1.5,0,0
1810,79,2.1,0,0
1811,35,0.2,0,0
1812,11,0.5,0,0
1813,128,4.7,0,0
1814,55,0.9,0,1
1815,79,0.7,0,0
1816,18,0.4,0,1
1817,91,1.7,0,0
1818,9,0.2,0,1
1819,62,2.2,0,0
1820,59,1.6,0,0
1821,25,0.1,0,0
1822,54,1.3,0,0
1823,112,5.1,1,0
1824,125,0,0,1
1825,194,8.3,1,1
1826,161,5.8,1,0
1827,35,0.2,0,0
1828,113,2.7,0,1
1829,25,0.3,0,0
1830,45,2,0,0
1831,119,7.8,0,0
1832,30,0.4,0,1
1833,79,3.8,0,0
1834,178,0.8,1,0
1835,23,0.3,0,0
1836,171,1.4,0,1
1837,74,1.9,0,0
1838,103,1,0,1
1839,99,4,0,0
1840,43,1.3,0,1
1841,23,0.4,0,0
1842,91,0.1,0,1
1843,93,2.7,0,0
1844,154,6,0,0
1845,21,0.1,0,1
1846,65,2.2,0,0
1847,15,0.1,0,0
1848,52,2.6,0,0
1849,30,1.3,0,1
1850,42,1.6,0,0
1851,20,0.3,0,0
1852,60,2.2,0,1
1853,54,1.8,0,0
1854,60,2.6,0,0
1855,41,1,0,0
1856,30,0.7,0,1
1857,21,1,0,0
1858,105,0.8,0,1
1859,65,2.8,0,0
1860,20,0.4,0,0
1861,179,4.9,1,0
1862,161,2.9,0,1
1863,82,3.7,0,0
1864,43,1.2,0,0
1865,61,2.8,0,0
1866,90,1.8,0,0
1867,90,2.6,0,0
1868,21,0.4,0,0
1869,118,5.4,0,1
1870,44,2,0,0
1871,110,4.1,1,0
1872,99,1.8,0,0
1873,98,1.1,0,0
1874,69,0.7,0,0
1875,82,0.9,0,1
1876,112,2.5,0,0
1877,123,2.9,0,0
1878,78,2.67,0,0
1879,59,0.8,0,0
1880,78,1.7,0,0
1881,49,1.9,0,0
1882,82,2.67,0,0
1883,125,0.6,1,1
1884,185,2.9,0,0
1885,163,7.4,0,0
1886,19,1.1,0,1
1887,115,1.7,0,0
1888,81,2,0,1
1889,93,2.8,0,0
1890,111,0.3,1,0
1891,184,8.1,0,0
1892,50,2.2,0,0
1893,55,1.7,0,1
1894,13,0.4,0,0
1895,29,0.1,0,1
1896,72,2.6,0,0
1897,83,2.6,0,1
1898,98,0.1,0,0
1899,43,0.1,0,0
1900,34,0.2,0,0
1901,10,0.4,0,0
1902,201,6.67,0,0
1903,85,1.2,0,1
1904,50,1.4,0,0
1905,91,0,0,0
1906,112,2,0,0
1907,98,0.4,0,0
1908,115,0.3,0,0
1909,22,0.5,0,0
1910,101,1.7,0,1
1911,83,3.8,0,0
1912,52,0.5,0,0
1913,191,4.8,1,0
1914,134,0.9,1,0
1915,54,1.6,0,0
1916,69,2.1,0,0
1917,64,1.6,0,0
1918,53,1.67,0,0
1919,118,6,1,1
1920,19,1.4,0,1
1921,31,0.4,0,0
1922,63,0.8,0,1
1923,25,1.4,0,0
1924,22,0.2,0,0
1925,78,1.8,0,0
1926,81,0.3,0,0
1927,41,2.4,0,0
1928,62,2.3,0,0
1929,35,1.2,0,0
1930,30,0.6,0,0
1931,51,1,0,0
1932,140,2,0,0
1933,73,2.4,0,0
1934,40,1.2,0,0
1935,69,0.8,0,1
1936,191,4.8,1,1
1937,82,3,0,0
1938,181,3.3,1,0
1939,38,1.9,0,0
1940,23,0.2,0,0
1941,55,1.8,0,0
1942,58,3.2,0,0
1943,29,0.5,0,0
1944,39,2.6,0,0
1945,39,1.9,0,1
1946,30,1.5,0,0
1947,58,2,0,1
1948,62,1.8,0,0
1949,62,2.4,0,0
1950,19,1.2,0,0
1951,38,1.5,0,0
1952,84,2,0,1
1953,78,2.6,0,0
1954,22,0.2,0,0
1955,81,2,0,0
1956,32,0.5,0,0
1957,89,0.8,0,0
1958,121,3.3,0,0
1959,42,1.5,0,1
1960,130,1,0,0
1961,30,0,0,0
1962,114,4.9,0,0
1963,155,6.33,0,0
1964,50,1.1,0,1
1965,34,1.5,0,1
1966,94,0.5,0,0
1967,114,2.4,0,0
1968,89,0.5,0,1
1969,49,1.4,0,0
1970,115,2,0,1
1971,148,1.5,0,1
1972,72,1.1,0,1
1973,114,2.1,0,0
1974,11,0,0,0
1975,63,0.2,0,0
1976,113,0.2,0,1
1977,80,1.8,0,0
1978,54,0.5,0,1
1979,32,1.4,0,0
1980,11,1,0,0
1981,141,2.4,0,0
1982,84,3,0,0
1983,18,0.1,0,0
1984,20,0.3,0,0
1985,55,1.7,0,0
1986,31,0.4,0,0
1987,114,0.4,0,0
1988,52,2,0,1
1989,18,0.3,0,0
1990,55,1.8,0,0
1991,29,0.2,0,1
1992,30,0.5,0,0
1993,38,0.8,0,1
1994,122,3.1,0,0
1995,183,6,0,0
1996,41,2.4,0,0
1997,38,1.4,0,0
1998,61,1.8,0,0
1999,103,4,1,0
2000,80,2.4,0,0
2001,22,0.1,0,0
2002,128,3.25,1,1
2003,142,4.2,1,0
2004,124,4.7,0,1
2005,44,1.9,0,0
2006,170,6.5,1,1
2007,75,0.1,0,1
2008,78,2,0,1
2009,31,1.1,0,0
2010,99,1.9,0,0
2011,41,1.5,0,0
2012,39,0,0,0
2013,51,1.4,0,1
2014,52,0.8,0,0
2015,169,5.67,1,1
2016,141,0.8,0,0
2017,93,0.8,0,0
2018,14,1,0,0
2019,160,2.1,0,1
2020,44,0.2,0,0
2021,33,0.2,0,0
2022,103,4.8,1,0
2023,71,1.8,0,0
2024,55,0.2,0,0
2025,113,0.2,1,0
2026,79,2,0,0
2027,80,0.7,0,0
2028,179,0,0,0
2029,9,0,0,0
2030,61,2,0,0
2031,111,3.9,0,1
2032,80,0.5,0,0
2033,32,0.2,0,1
2034,83,0.3,0,1
2035,91,1.9,0,0
2036,29,1,0,1
2037,19,0.67,0,0
2038,52,1,0,1
2039,150,7.3,0,1
2040,32,0.4,0,0
2041,91,0.5,0,0
2042,180,8.5,1,0
2043,121,0.3,0,0
2044,25,0.2,0,1
2045,102,0.3,0,0
2046,44,0.9,0,0
2047,161,8,1,1
2048,134,4,1,1
2049,43,1.8,0,1
2050,94,1.1,0,0
2051,29,0.8,0,0
2052,38,0.2,0,0
2053,120,0.8,0,0
2054,85,2,0,1
2055,89,1.9,0,0
2056,25,1.4,0,0
2057,20,1.3,0,1
2058,125,3.9,0,1
2059,18,0.6,0,0
2060,173,6.7,0,0
2061,34,0.1,0,1
2062,159,4.9,1,0
2063,55,2.5,0,1
2064,32,0.4,0,0
2065,65,1.8,0,1
2066,83,1.5,0,1
2067,30,1.4,0,1
2068,180,2.9,0,1
2069,13,0.3,0,0
2070,35,0.8,0,1
2071,95,0.5,0,0
2072,83,0,0,0
2073,39,0.2,0,1
2074,54,0.7,0,1
2075,81,1.3,0,1
2076,53,2,0,0
2077,119,7.3,0,0
2078,160,8,1,1
2079,21,1,0,0
2080,40,1,0,0
2081,69,0.1,0,0
2082,45,1.3,0,0
2083,55,2,0,0
2084,38,0.2,0,0
2085,44,1,0,0
2086,45,0.6,0,0
2087,84,0.8,0,1
2088,188,6.9,1,0
2089,29,2,0,0
2090,95,2.7,0,0
2091,79,2.9,0,1
2092,41,2,0,0
2093,19,0.4,0,0
2094,75,3.6,0,1
2095,64,2.5,0,1
2096,174,3.2,1,0
2097,54,2.3,0,0
2098,14,0.1,0,0
2099,94,3.8,0,0
2100,10,0.4,0,0
2101,145,0.8,0,0
2102,203,10,1,0
2103,81,1.6,0,1
2104,153,6.5,0,1
2105,58,0.2,0,0
2106,49,1.8,0,1
2107,132,2.9,0,0
2108,85,0.2,0,0
2109,85,2.67,0,0
2110,178,6.5,1,0
2111,104,2.5,0,0
2112,40,1.6,0,0
2113,103,1.9,0,0
2114,25,1,0,0
2115,69,1.7,0,0
2116,30,1.4,0,0
2117,70,2.67,0,0
2118,15,0.9,0,0
2119,125,1.3,0,1
2120,50,0.5,0,0
2121,44,0.3,0,0
2122,38,2.2,0,1
2123,64,0.8,0,1
2124,9,0.1,0,0
2125,44,0.9,0,0
2126,93,0.8,0,0
2127,83,0.4,0,0
2128,179,0,0,0
2129,40,1.1,0,0
2130,58,0.7,0,0
2131,74,2.67,0,1
2132,15,0.2,0,0
2133,11,1,0,1
2134,41,2,0,0
2135,68,1.5,0,1
2136,28,0.75,0,0
2137,115,1.2,1,1
2138,83,0.1,0,0
2139,40,1.1,0,0
2140,113,0.1,0,0
2141,89,0.8,0,0
2142,38,1.6,0,0
2143,62,1.5,0,0
2144,65,1.7,0,0
2145,168,5.67,1,0
2146,40,1.7,0,1
2147,30,1,0,0
2148,20,1,0,0
2149,58,3.2,0,0
2150,150,7.3,0,0
2151,54,0.8,0,1
2152,19,0.3,0,0
2153,30,0.1,0,0
2154,123,5.2,0,0
2155,45,2.4,0,0
2156,154,2.9,0,0
2157,93,2.7,0,1
2158,71,0.2,0,0
2159,83,3.1,1,1
2160,99,4.8,1,1
2161,55,2.2,0,0
2162,38,0.9,0,1
2163,74,0.9,0,0
2164,69,1.8,0,0
2165,104,2.5,0,0
2166,38,1,0,0
2167,25,0.9,0,1
2168,162,1.3,0,0
2169,64,2.6,0,0
2170,30,0.7,0,1
2171,52,0.5,0,1
2172,42,1.5,0,0
2173,79,1.8,0,0
2174,34,1.7,0,0
2175,123,3.1,0,0
2176,160,3.3,0,0
2177,51,2.33,0,0
2178,108,4,0,0
2179,158,2.3,1,1
2180,68,1.5,0,0
2181,42,1.6,0,0
2182,32,0.75,0,0
2183,22,1.4,0,0
2184,29,2,0,1
2185,183,3.4,1,0
2186,69,1.6,0,1
2187,92,0.2,0,0
2188,40,1,0,0
2189,9,0.5,0,1
2190,128,0.6,0,1
2191,110,0.2,0,1
2192,171,8,0,0
2193,13,1,0,1
2194,25,0.1,0,0
2195,123,1.6,1,0
2196,33,0.2,0,0
2197,189,4.75,1,0
2198,34,0.3,0,0
2199,58,0,0,0
2200,51,1.3,0,1
2201,29,1.3,0,0
2202,111,0.4,0,0
2203,43,1.9,0,0
2204,130,0.6,0,0
2205,20,0.4,0,0
2206,101,2.8,0,0
2207,48,2.2,0,0
2208,180,2.8,1,0
2209,92,0,0,0
2210,33,0.9,0,0
2211,51,1.9,0,0
2212,31,1.4,0,1
2213,83,2.7,0,0
2214,45,0.8,0,0
2215,89,0.8,0,1
2216,193,4,1,0
2217,89,3.8,0,0
2218,162,3.3,1,0
2219,9,0.3,0,0
2220,58,2,0,0
2221,80,0.8,0,0
2222,73,1.7,0,1
2223,41,0.3,0,0
2224,74,2,0,0
2225,29,1.4,0,0
2226,25,0.4,0,0
2227,98,5.4,0,0
2228,59,1.7,0,1
2229,43,1.9,0,0
2230,72,1.4,0,1
2231,183,3,1,1
2232,134,5.7,0,0
2233,140,0.5,0,0
2234,39,1.8,0,0
2235,35,0.4,0,0
2236,141,6.9,0,1
2237,23,0.5,0,0
2238,134,0,0,1
2239,35,1.4,0,0
2240,42,2.5,0,0
2241,81,0.2,0,0
2242,14,0.4,0,0
2243,45,1.8,0,0
2244,79,1.7,0,1
2245,53,0.8,0,0
2246,33,0.7,0,1
2247,190,3.1,1,0
2248,60,2.5,0,0
2249,8,0.8,0,0
2250,38,1,0,0
2251,154,5,0,0
2252,54,2.2,0,0
2253,41,1.4,0,0
2254,25,0.3,0,0
2255,53,1.7,0,0
2256,79,0.1,0,0
2257,13,0.9,0,1
2258,130,1.4,0,0
2259,93,0.7,0,0
2260,82,0.8,0,0
2261,15,0.3,0,0
2262,150,5,1,0
2263,131,0.7,1,1
2264,28,1.5,0,0
2265,9,0.7,0,0
2266,88,1.4,0,0
2267,143,4.1,0,0
2268,168,1.3,1,0
2269,105,3,1,0
2270,62,2.1,0,0
2271,51,2.6,0,0
2272,101,4.4,0,1
2273,90,0.8,0,0
2274,83,2.1,0,1
2275,21,0,0,0
2276,115,3.4,0,0
2277,172,4.4,1,0
2278,32,1,0,0
2279,204,4.5,0,0
2280,34,0.6,0,1
2281,30,2,0,0
2282,31,1.3,0,1
2283,90,2.7,0,1
2284,79,2.6,0,0
2285,22,0.6,0,1
2286,114,2.4,1,0
2287,42,0.5,0,0
2288,29,0.2,0,0
2289,72,2.6,0,0
2290,68,1.8,0,0
2291,78,0.7,0,0
2292,90,2.7,0,0
2293,170,2.1,1,0
2294,14,0.1,0,0
2295,129,1.9,0,0
2296,39,1,0,0
2297,82,0.2,0,1
2298,31,0.4,0,1
2299,9,0.5,0,1
2300,15,0.1,0,0
2301,70,2.2,0,0
2302,84,0.7,0,0
2303,155,7,0,1
2304,89,0.8,0,1
2305,170,4.7,1,0
2306,185,6.7,0,1
2307,82,2.2,0,0
2308,60,1.7,0,0
2309,58,2.4,0,0
2310,29,1.33,0,0
2311,32,0.3,0,0
2312,115,3.4,0,1
2313,83,2.4,0,0
2314,54,0.3,0,1
2315,112,1.8,0,0
2316,182,1.4,1,0
2317,112,6.8,0,0
2318,129,5.9,1,1
2319,23,0.8,0,0
2320,198,3,0,0
2321,84,2,0,0
2322,39,0.5,0,0
2323,129,1.3,0,0
2324,113,2,0,0
2325,35,0.75,0,0
2326,85,0.1,0,0
2327,73,2.9,0,0
2328,70,0.8,0,0
2329,130,4.4,1,0
2330,39,1.5,0,0
2331,72,1.8,0,1
2332,68,2.3,0,0
2333,35,1.4,0,1
2334,61,0.7,0,1
2335,69,1.9,0,0
2336,59,3.6,0,0
2337,99,4.5,0,0
2338,201,10,1,1
2339,130,7.5,0,1
2340,72,2,0,0
2341,44,1.2,0,0
2342,91,1.5,0,0
2343,92,0.5,0,0
2344,55,0.8,0,1
2345,20,0.5,0,1
2346,89,4.1,1,0
2347,59,1.5,0,1
2348,8,0.1,0,1
2349,85,4.9,0,1
2350,94,4.3,0,0
2351,22,0.4,0,1
2352,74,3.2,0,1
2353,59,2.67,0,0
2354,12,0.6,0,1
2355,8,0.4,0,0
2356,74,1.6,0,1
2357,184,3.4,1,1
2358,34,0,0,0
2359,63,0.8,0,0
2360,123,5.6,1,1
2361,85,1.6,0,0
2362,109,0.5,1,0
2363,31,0.6,0,0
2364,61,2.4,0,0
2365,88,1.6,0,1
2366,22,0.3,0,0
2367,63,2.2,0,0
2368,80,0.2,0,1
2369,78,2.1,0,1
2370,45,0.1,0,0
2371,51,2.1,0,1
2372,111,1.5,0,0
2373,45,2.8,0,1
2374,184,4.8,1,0
2375,41,1,0,0
2376,69,1.3,0,1
2377,23,0.2,0,0
2378,160,6.67,0,0
2379,61,0.8,0,0
2380,110,6.1,0,0
2381,50,0.6,0,0
2382,49,2.4,0,0
2383,185,7.5,1,1
2384,52,1.1,0,1
2385,53,2.8,0,0
2386,125,3.5,1,0
2387,72,1.6,0,0
2388,51,1.8,0,1
2389,23,0.5,0,0
2390,41,1.9,0,1
2391,41,2,0,0
2392,138,4.67,1,0
2393,138,3.3,0,1
2394,14,0.8,0,1
2395,145,8,0,0
2396,25,1,0,1
2397,43,1.7,0,1
2398,93,0.2,0,0
2399,90,0.3,0,1
2400,41,1,0,0
2401,169,6.1,1,1
2402,63,2.2,0,0
2403,23,0.67,0,0
2404,140,0.5,1,0
2405,75,1.5,0,0
2406,13,0.9,0,0
2407,10,0.5,0,0
2408,100,0.8,0,0
2409,85,1.1,0,0
2410,73,2.67,0,0
2411,130,6.7,0,1
2412,65,2.7,0,0
2413,59,1.7,0,0
2414,31,1,0,0
2415,134,4,0,0
2416,11,0.2,0,1
2417,32,0.3,0,0
2418,53,1.6,0,1
2419,28,0.7,0,1
2420,44,1,0,0
2421,40,0.8,0,1
2422,40,0.6,0,0
2423,163,0.5,0,0
2424,82,1.3,0,0
2425,89,1.4,0,0
2426,78,1.6,0,1
2427,55,0.9,0,0
2428,34,0.4,0,0
2429,108,3.67,1,1
2430,58,2.2,0,1
2431,73,2.6,0,0
2432,54,2.1,0,0
2433,45,0.9,0,1
2434,123,2.3,1,0
2435,93,5.2,0,0
2436,102,2.2,0,0
2437,39,1.5,0,0
2438,114,3.4,0,1
2439,29,0.3,0,1
2440,30,0.6,0,1
2441,22,0.6,0,0
2442,38,0.3,0,1
2443,41,1.7,0,0
2444,161,1.7,1,1
2445,38,0.5,0,1
2446,25,0.9,0,0
2447,70,2.6,0,0
2448,201,8.8,0,1
2449,42,0.6,0,1
2450,64,1.2,0,0
2451,28,1.1,0,0
2452,119,4.9,0,1
2453,28,1,0,0
2454,60,2.1,0,0
2455,23,1.5,0,0
2456,164,7.4,1,0
2457,39,0.8,0,1
2458,19,0,0,1
2459,72,0.8,0,1
2460,41,0.9,0,1
2461,32,0.3,0,0
2462,69,0.8,0,0
2463,23,0.4,0,0
2464,44,0.2,0,0
2465,32,0.4,0,0
2466,25,0.3,0,0
2467,80,1.6,0,0
2468,83,0.8,0,0
2469,133,7.3,0,1
2470,89,0.1,0,1
2471,81,4.5,0,1
2472,44,1.1,0,0
2473,119,2,0,0
2474,39,0.9,0,0
2475,40,1,0,0
2476,79,0.8,0,0
2477,30,0.7,0,0
2478,179,2.6,1,0
2479,178,6.7,0,0
2480,82,3.8,0,0
2481,50,2.4,0,0
2482,64,1.9,0,0
2483,129,1.5,0,1
2484,68,2.9,0,0
2485,30,1.4,0,0
2486,48,1.5,0,1
2487,130,1.3,0,0
2488,40,0.5,0,0
2489,105,1.9,0,0
2490,41,0.2,0,0
2491,168,6.5,1,0
2492,80,2.7,0,0
2493,134,3.1,0,0
2494,49,2.5,0,0
2495,63,1.8,0,0
2496,70,1.9,0,1
2497,32,0.7,0,0
2498,14,0.9,0,0
2499,111,6.1,0,0
2500,38,2.8,0,0
2501,121,2,0,0
2502,90,2.6,0,0
2503,178,6,1,0
2504,20,0.4,0,1
2505,61,1.7,0,1
2506,43,0.8,0,0
2507,39,1.9,0,1
2508,60,2.1,0,1
2509,63,3,0,0
2510,8,0.2,0,1
2511,52,1.3,0,1
2512,92,3,1,1
2513,111,1.4,0,0
2514,71,1.4,0,0
2515,25,0.1,0,0
2516,34,1.9,0,0
2517,74,2.6,0,0
2518,120,2,0,1
2519,50,1.3,0,1
2520,10,1,0,1
2521,45,2.5,0,0
2522,29,1.8,0,1
2523,145,6.9,0,0
2524,100,6.3,0,0
2525,24,0.4,0,0
2526,60,1.2,0,1
2527,50,0.6,0,0
2528,43,1.1,0,0
2529,79,4.4,0,1
2530,44,0.1,0,1
2531,31,1.5,0,0
2532,14,1,0,0
2533,19,0.8,0,1
2534,111,1.1,1,0
2535,90,1.9,0,0
2536,21,0.7,0,0
2537,104,4.2,1,0
2538,75,1.9,0,0
2539,175,7.8,0,1
2540,98,4.2,1,0
2541,41,0.1,0,0
2542,171,2.2,1,0
2543,79,1.6,0,0
2544,24,0.6,0,0
2545,90,3.6,1,0
2546,39,2.4,0,0
2547,9,0,0,0
2548,15,0.1,0,0
2549,80,2.7,0,0
2550,63,0.7,0,1
2551,20,0.5,0,0
2552,43,2.1,0,1
2553,65,1.5,0,0
2554,91,1.7,0,0
2555,53,0.8,0,0
2556,110,1.7,0,0
2557,82,1.5,0,0
2558,23,0.2,0,0
2559,172,6.67,0,0
2560,88,2.7,0,0
2561,71,0.8,0,0
2562,180,2.9,1,0
2563,39,2.1,0,1
2564,94,1.5,0,1
2565,25,1,0,0
2566,10,0,0,0
2567,42,1,0,0
2568,142,3.9,0,1
2569,34,1.3,0,0
2570,139,4.6,0,0
2571,154,4.5,0,0
2572,40,2,0,0
2573,33,1.5,0,1
2574,80,1.6,0,1
2575,10,0.67,0,0
2576,41,0.5,0,0
2577,30,1.3,0,1
2578,78,0.8,0,0
2579,164,5,0,1
2580,23,0.4,0,0
2581,149,6,0,0
2582,25,0.7,0,0
2583,42,2.1,0,0
2584,71,2.5,0,1
2585,114,4.2,1,0
2586,70,2.8,0,1
2587,149,6.1,1,1
2588,55,2.5,0,0
2589,29,1.3,0,0
2590,123,3.8,0,1
2591,152,7.4,1,1
2592,8,0.7,0,0
2593,69,0.7,0,0
2594,161,7.9,1,0
2595,79,0.2,0,0
2596,105,4.6,0,0
2597,39,2.3,0,0
2598,163,5,0,0
2599,9,0.2,0,0
2600,71,2,0,1
2601,51,2.1,0,0
2602,32,1.4,0,0
2603,161,4.3,1,1
2604,60,0.2,0,0
2605,35,1,0,0
2606,41,1.2,0,0
2607,73,1.7,0,0
2608,49,1.5,0,1
2609,79,2,0,1
2610,120,7.5,0,0
2611,60,3.2,0,0
2612,78,0.6,0,0
2613,40,1.1,0,0
2614,110,5.4,1,0
2615,160,5.7,1,0
2616,68,0.7,0,1
2617,49,1.6,0,0
2618,65,2.5,0,0
2619,55,2.4,0,0
2620,62,2.3,0,1
2621,152,0,0,0
2622,42,2.5,0,0
2623,39,0.7,0,0
2624,111,3,1,1
2625,82,2.1,0,0
2626,108,3.4,0,0
2627,59,0.8,0,0
2628,61,2.5,0,0
2629,78,2,0,0
2630,18,0.1,0,0
2631,113,1.7,0,1
2632,62,2.67,0,0
2633,81,4.9,0,0
2634,13,0.4,0,0
2635,75,2.8,0,0
2636,33,0.8,0,0
2637,179,4.1,0,0
2638,69,2,0,0
2639,45,1,0,0
2640,59,3,0,0
2641,81,2.8,0,0
2642,133,5.4,0,0
2643,81,0,0,0
2644,14,0.4,0,1
2645,28,0.8,0,0
2646,93,2.2,0,0
2647,191,2.6,1,0
2648,155,2.9,0,0
2649,155,7.2,0,0
2650,68,1.3,0,0
2651,52,1.1,0,0
2652,51,0.7,0,0
2653,44,1.6,0,0
2654,121,3.1,0,0
2655,49,2.2,0,0
2656,42,1,0,0
2657,144,4.1,0,0
2658,72,2.6,0,0
2659,44,1.5,0,0
2660,43,0.9,0,0
2661,74,0.1,0,0
2662,145,2.5,0,0
2663,158,2.1,0,0
2664,78,4.9,0,0
2665,154,2.4,1,0
2666,105,4.5,0,0
2667,100,0.6,0,0
2668,58,0,0,0
2669,113,0.9,0,0
2670,10,0.1,0,1
2671,142,2.7,0,0
2672,128,2.5,0,0
2673,131,0.5,1,0
2674,88,1,0,0
2675,101,0.6,0,0
2676,70,1.75,0,1
2677,122,0.3,0,0
2678,70,1.5,0,0
2679,148,4.3,1,0
2680,43,2.1,0,0
2681,31,1.5,0,0
2682,35,0.8,0,0
2683,81,2.6,0,0
2684,19,1.4,0,0
2685,98,1.8,0,1
2686,101,2.1,0,0
2687,81,0.4,0,0
2688,135,0.6,0,0
2689,34,0.7,0,0
2690,104,3.4,0,0
2691,29,0.7,0,0
2692,119,5.4,1,0
2693,82,1.7,0,1
2694,62,0.2,0,0
2695,85,2.1,0,1
2696,8,0.1,0,0
2697,78,1.7,0,0
2698,44,0.5,0,0
2699,122,8,0,1
2700,22,0.1,0,0
2701,39,2.2,0,1
2702,55,1.6,0,0
2703,144,6.1,0,0
2704,71,2.6,0,1
2705,191,3,0,0
2706,22,0.5,0,0
2707,158,2.4,0,0
2708,131,0.3,1,1
2709,75,2.8,0,1
2710,69,0.7,0,0
2711,39,0.8,0,0
2712,34,1.7,0,1
2713,32,1.7,0,0
2714,129,5.7,0,0
2715,158,5.4,1,1
2716,54,1.8,0,0
2717,34,2,0,0
2718,45,0.6,0,1
2719,68,2.3,0,0
2720,53,1.5,0,0
2721,32,0.1,0,1
2722,173,7.2,1,0
2723,31,0.4,0,0
2724,72,3.7,0,0
2725,30,0.4,0,1
2726,138,2.5,0,0
2727,18,1.5,0,0
2728,69,2.8,0,1
2729,58,2.1,0,0
2730,63,1.5,0,0
2731,43,0.3,0,0
2732,28,0.2,0,0
2733,38,2.1,0,0
2734,72,0.3,0,0
2735,64,0.9,0,0
2736,70,2.6,0,0
2737,12,0.3,0,0
2738,159,0.5,0,0
2739,103,4.5,0,0
2740,42,0.3,0,0
2741,48,2.1,0,0
2742,49,1.5,0,0
2743,89,0.4,0,0
2744,22,0.7,0,1
2745,10,0.2,0,0
2746,38,1.3,0,1
2747,49,2.1,0,1
2748,30,1.4,0,1
2749,82,2.6,0,1
2750,82,0.8,0,0
2751,24,0.1,0,0
2752,32,0.6,0,1
2753,34,0.9,0,0
2754,195,4.75,1,0
2755,61,2.2,0,0
2756,22,0.1,0,1
2757,40,1,0,0
2758,50,2.8,0,0
2759,35,0.7,0,1
2760,64,0.3,0,0
2761,49,2.3,0,0
2762,44,1,0,1
2763,65,3.7,0,0
2764,13,0.7,0,0
2765,84,2.9,0,1
2766,28,0.2,0,0
2767,108,4.4,0,0
2768,59,0,0,0
2769,163,2.4,0,0
2770,183,8.8,1,0
2771,69,4,0,0
2772,115,7,0,0
2773,130,6.5,1,1
2774,185,7.9,1,0
2775,118,0.3,0,0
2776,163,4.1,0,0
2777,140,6.3,0,1
2778,91,0.7,0,1
2779,61,1.3,0,1
2780,168,4.1,1,0
2781,69,0.9,0,0
2782,22,0.2,0,0
2783,53,0.3,0,0
2784,25,1,0,1
2785,115,2.2,1,0
2786,31,1.1,0,1
2787,83,2.8,0,1
2788,152,6.9,0,0
2789,30,0.1,0,0
2790,34,0.2,0,1
2791,44,1.4,0,1
2792,182,7.6,0,0
2793,44,1.5,0,0
2794,122,6,0,1
2795,35,1.8,0,0
2796,91,0.8,0,0
2797,30,2,0,0
2798,53,2.5,0,0
2799,28,0.3,0,0
2800,85,3.4,0,0
2801,28,0.7,0,1
2802,41,0.4,0,0
2803,154,5,1,0
2804,41,0.3,0,0
2805,33,1.5,0,0
2806,182,5.8,1,0
2807,59,0.8,0,0
2808,129,3.3,0,0
2809,35,0.9,0,0
2810,185,2.2,1,1
2811,45,1.3,0,0
2812,62,0.1,0,0
2813,183,8.2,1,1
2814,14,0.1,0,0
2815,53,2.2,0,1
2816,48,2.6,0,0
2817,128,0.4,0,0
2818,105,4,0,0
2819,40,0.9,0,1
2820,10,0.4,0,0
2821,102,3.3,0,0
2822,31,0.1,0,0
2823,30,0.8,0,0
2824,21,0.6,0,0
2825,44,0.3,0,0
2826,48,2.5,0,0
2827,21,0.2,0,0
2828,84,2.2,0,1
2829,64,0.7,0,0
2830,82,2.5,0,0
2831,39,1.3,0,0
2832,45,0.8,0,1
2833,133,5.7,1,1
2834,152,1.4,0,0
2835,12,1,0,0
2836,32,1.5,0,0
2837,74,2.6,0,0
2838,54,1.1,0,1
2839,181,4.1,1,1
2840,75,0,0,0
2841,95,0.1,0,0
2842,190,7.3,1,0
2843,90,2.8,0,0
2844,20,1,0,1
2845,64,2.2,0,0
2846,85,1.7,0,0
2847,105,1.7,0,0
2848,21,0.2,0,0
2849,78,1.8,0,0
2850,158,6.67,0,1
2851,125,4.3,0,0
2852,81,1.8,0,0
2853,183,8.1,0,1
2854,54,0.6,0,0
2855,79,3.6,0,0
2856,38,1.5,0,0
2857,172,1,1,0
2858,184,7.5,1,0
2859,158,7.8,0,1
2860,188,0.9,1,0
2861,20,0.5,0,0
2862,60,0.2,0,1
2863,113,2.4,0,0
2864,70,0,0,1
2865,84,0,0,1
2866,23,0.2,0,0
2867,141,3.3,0,1
2868,110,4.4,0,0
2869,31,1.8,0,1
2870,22,1.3,0,0
2871,91,5.2,0,0
2872,82,2.4,0,0
2873,23,0.3,0,0
2874,35,0.1,0,0
2875,114,2.5,1,0
2876,18,0.1,0,1
2877,80,1.6,0,0
2878,74,2.3,0,1
2879,122,4.1,1,0
2880,73,2.33,0,0
2881,40,1.1,0,0
2882,55,0.1,0,0
2883,69,2.7,0,1
2884,92,1.4,0,0
2885,48,2.1,0,1
2886,113,0.6,1,0
2887,58,1.3,0,0
2888,109,2.2,0,0
2889,39,1,0,1
2890,33,1.9,0,0
2891,18,0.2,0,1
2892,63,1.6,0,1
2893,43,2.8,0,0
2894,70,2,0,0
2895,19,0.9,0,0
2896,39,1.3,0,0
2897,81,0.8,0,0
2898,34,1.3,0,0
2899,140,5.9,1,0
2900,114,0.3,0,0
2901,55,3.2,0,0
2902,21,0.1,0,0
2903,50,2.8,0,0
2904,41,1.5,0,1
2905,190,2.2,1,0
2906,8,0.3,0,0
2907,55,1.67,0,0
2908,40,1.3,0,1
2909,22,0.1,0,0
2910,44,1.67,0,1
2911,102,4.5,1,0
2912,54,1.8,0,0
2913,130,3.2,1,0
2914,75,2.33,0,1
2915,42,1.7,0,0
2916,133,3.8,0,0
2917,40,1.2,0,0
2918,34,1.5,0,0
2919,142,0.8,0,0
2920,64,2.3,0,1
2921,44,1.6,0,0
2922,95,0.3,0,0
2923,49,1.4,0,0
2924,12,0.2,0,0
2925,98,1.3,0,1
2926,42,0.4,0,0
2927,44,0.6,0,1
2928,124,5.2,0,0
2929,175,6.7,0,0
2930,22,0.3,0,0
2931,78,2.67,0,0
2932,54,1,0,1
2933,154,7,0,1
2934,42,2.7,0,0
2935,195,6.5,0,0
2936,80,3,0,1
2937,81,2,0,0
2938,89,2,0,1
2939,61,2.6,0,0
2940,25,0.4,0,1
2941,43,0.1,0,0
2942,122,2.6,0,0
2943,160,4.3,0,0
2944,83,1.6,0,0
2945,79,0,0,0
2946,30,0.5,0,1
2947,145,4.3,0,0
2948,151,3.3,0,0
2949,14,0.1,0,1
2950,19,0.2,0,0
2951,55,0.7,0,0
2952,132,2.4,1,1
2953,182,8.6,0,0
2954,78,0.5,0,1
2955,42,2.4,0,1
2956,44,2.3,0,0
2957,195,5.2,1,1
2958,53,0.5,0,0
2959,65,2.4,0,0
2960,43,0.2,0,0
2961,38,1.5,0,1
2962,50,1.8,0,0
2963,81,1.8,0,0
2964,41,1.9,0,1
2965,73,2.3,0,0
2966,31,0.4,0,1
2967,84,0.6,0,1
2968,95,1.9,0,1
2969,162,1.3,1,0
2970,60,2.2,0,0
2971,121,1.1,1,0
2972,43,1,0,1
2973,38,1.8,0,1
2974,82,2.9,0,0
2975,52,1.9,0,0
2976,43,1.5,0,1
2977,82,2.6,0,1
2978,161,4.1,0,0
2979,24,0.7,0,0
2980,102,2.6,0,0
2981,53,2.4,0,0
2982,85,1.2,0,0
2983,111,4.4,0,0
2984,90,0.3,0,1
2985,94,1.1,0,0
2986,63,3.6,0,0
2987,153,2.8,1,0
2988,39,2,0,0
2989,205,8.8,0,0
2990,142,3.4,0,0
2991,163,0.4,0,0
2992,113,1,0,0
2993,64,2.9,0,1
2994,20,0.1,0,1
2995,179,1,0,0
2996,91,4.5,0,0
2997,103,3.33,1,1
2998,80,1.6,0,0
2999,38,0.3,0,0
3000,44,0.2,0,1
3001,164,4.3,1,0
3002,81,1.6,0,1
3003,95,1.7,0,0
3004,44,1.9,0,1
3005,88,1.6,0,1
3006,148,7,1,0
3007,169,5,1,1
3008,11,0.8,0,1
3009,92,3,0,1
3010,74,2.6,0,0
3011,72,0.8,0,0
3012,63,2.67,0,0
3013,172,4.5,0,0
3014,183,1.4,0,1
3015,40,2.5,0,0
3016,68,2.9,0,1
3017,78,3.6,0,0
3018,68,3.7,0,0
3019,49,1.4,0,1
3020,39,2.3,0,0
3021,151,3.5,0,0
3022,159,0.5,0,0
3023,89,1.9,0,1
3024,105,1.7,0,1
3025,78,2,0,1
3026,128,2.7,0,0
3027,81,0.8,0,1
3028,50,0.1,0,0
3029,38,0.1,0,1
3030,119,6.1,0,0
3031,110,1.8,0,0
3032,29,1.4,0,1
3033,19,0.4,0,0
3034,130,4.7,1,1
3035,38,2.4,0,0
3036,31,0.3,0,0
3037,14,0.7,0,0
3038,158,0.4,1,0
3039,39,0.2,0,0
3040,141,4.9,1,1
3041,33,1,0,0
3042,92,0.6,0,0
3043,78,3,0,0
3044,42,2.7,0,1
3045,15,0.3,0,0
3046,48,2.8,0,0
3047,63,2.3,0,0
3048,149,4.7,0,0
3049,49,0.8,0,0
3050,125,3.9,0,0
3051,58,1.3,0,0
3052,48,1.5,0,0
3053,75,3.2,0,1
3054,114,0.2,0,0
3055,134,5.5,1,1
3056,111,2.3,0,0
3057,62,3.8,0,0
3058,45,0.7,0,0
3059,113,0.2,0,0
3060,128,2.6,0,0
3061,168,5.7,1,0
3062,81,4,0,0
3063,75,0.1,0,1
3064,21,0.1,0,0
3065,83,4.4,0,0
3066,121,3.5,0,0
3067,40,1.67,0,0
3068,101,2.9,0,0
3069,90,4.5,0,0
3070,68,2.67,0,1
3071,74,1.8,0,0
3072,74,0.1,0,1
3073,51,3.2,0,0
3074,149,1.5,0,0
3075,31,1.4,0,1
3076,85,1.6,0,0
3077,62,1.75,0,1
3078,44,0.3,0,0
3079,63,0.5,0,1
3080,23,0.3,0,1
3081,40,2.2,0,0
3082,78,4.5,0,1
3083,40,0.9,0,0
3084,78,2.4,0,0
3085,129,0.7,1,0
3086,71,0.3,0,1
3087,23,0.3,0,0
3088,15,0.3,0,0
3089,28,1.3,0,1
3090,23,1,0,0
3091,19,1.5,0,0
3092,42,1.4,0,1
3093,113,0.4,0,0
3094,34,0.4,0,1
3095,19,0.5,0,1
3096,43,1.6,0,1
3097,179,1.2,1,0
3098,44,2.2,0,0
3099,21,0.1,0,0
3100,115,2.5,0,1
3101,81,3.8,0,1
3102,91,2.8,0,0
3103,30,0.9,0,1
3104,55,1.4,0,0
3105,48,2.1,0,1
3106,23,0.3,0,0
3107,21,0.1,0,0
3108,55,1.7,0,0
3109,21,1,0,0
3110,40,2.2,0,0
3111,30,0.3,0,1
3112,78,0.6,0,0
3113,65,3.2,0,0
3114,50,2.1,0,0
3115,55,2,0,0
3116,111,0.2,0,0
3117,21,0.1,0,1
3118,65,0.5,0,0
3119,114,0.8,0,0
3120,54,0.9,0,0
3121,75,1.7,0,0
3122,13,0.4,0,1
3123,54,0.6,0,0
3124,22,1,0,1
3125,198,2.8,0,1
3126,18,0.2,0,1
3127,74,0.7,0,1
3128,61,0.2,0,0
3129,64,1.8,0,0
3130,10,0.3,0,1
3131,82,1.8,0,1
3132,61,2.7,0,1
3133,83,2.5,0,0
3134,73,2.6,0,0
3135,22,0.4,0,0
3136,91,1.8,0,0
3137,65,2.2,0,1
3138,13,0.5,0,0
3139,103,4.6,0,0
3140,95,0.3,0,0
3141,31,1,0,1
3142,131,0.6,1,0
3143,175,1.1,1,1
3144,38,0.1,0,0
3145,104,1,0,0
3146,114,3.3,1,0
3147,38,1.7,0,0
3148,30,1.3,0,1
3149,19,0.1,0,0
3150,25,1,0,1
3151,124,5,1,0
3152,20,0.5,0,0
3153,83,1,0,0
3154,18,0.3,0,1
3155,99,3,1,1
3156,62,0.3,0,0
3157,24,0.1,0,0
3158,13,1,0,0
3159,64,0.8,0,0
3160,62,2.67,0,0
3161,158,4.7,1,1
3162,88,5.4,0,0
3163,28,0.8,0,0
3164,52,1,0,0
3165,82,0,0,1
3166,140,6.9,0,1
3167,80,0.8,0,1
3168,58,1.2,0,1
3169,180,1.7,0,0
3170,55,1.6,0,0
3171,65,2.67,0,0
3172,62,2.33,0,0
3173,23,0.3,0,0
3174,35,1.7,0,0
3175,35,0.2,0,1
3176,74,0.4,0,0
3177,14,0.4,0,0
3178,83,1.5,0,1
3179,71,1.9,0,0
3180,53,0.7,0,0
3181,103,0.6,0,0
3182,109,1.7,0,0
3183,60,1.9,0,0
3184,12,0.67,0,0
3185,141,8,0,0
3186,128,3.8,0,0
3187,98,1,0,0
3188,41,0.5,0,0
3189,90,4.5,0,1
3190,31,0.3,0,0
3191,74,3,0,0
3192,83,1.8,0,1
3193,35,0.5,0,0
3194,140,4,0,1
3195,65,0.5,0,0
3196,35,1.4,0,0
3197,73,1.8,0,1
3198,29,1.5,0,0
3199,55,2,0,1
3200,20,0.7,0,0
3201,70,2.8,0,0
3202,81,0.2,0,0
3203,25,0.3,0,0
3204,119,7.5,0,0
3205,49,1.7,0,0
3206,38,1.4,0,1
3207,80,1.5,0,1
3208,84,4.3,0,1
3209,61,1.6,0,0
3210,173,1.5,1,1
3211,60,2.5,0,0
3212,83,4.5,0,0
3213,59,2.8,0,0
3214,32,2,0,0
3215,33,0.1,0,0
3216,19,0.2,0,0
3217,14,0.3,0,0
3218,94,4.1,1,1
3219,154,6.1,0,0
3220,33,2,0,0
3221,28,0.2,0,0
3222,44,1.8,0,0
3223,81,0.8,0,0
3224,29,0.5,0,0
3225,58,0.3,0,0
3226,38,0.9,0,1
3227,82,1.5,0,1
3228,18,0.4,0,0
3229,45,1.7,0,1
3230,64,3.4,0,0
3231,48,2.4,0,1
3232,24,0.3,0,0
3233,65,2,0,0
3234,111,0,0,0
3235,114,0.6,0,0
3236,39,1.6,0,0
3237,19,0.75,0,1
3238,22,0.1,0,1
3239,49,1.1,0,0
3240,40,0.3,0,0
3241,63,1.6,0,0
3242,55,2.8,0,0
3243,33,2,0,0
3244,31,1.5,0,0
3245,24,0.2,0,0
3246,81,3.6,0,1
3247,81,0.8,0,0
3248,113,3.3,0,1
3249,92,3.3,0,0
3250,81,1.2,0,0
3251,101,1.2,0,1
3252,78,3,0,1
3253,78,0,0,0
3254,35,1.5,0,1
3255,9,0.3,0,0
3256,82,2,0,1
3257,41,2.5,0,0
3258,84,1.8,0,0
3259,42,2.2,0,0
3260,54,2.3,0,1
3261,84,0,0,0
3262,131,3.8,0,0
3263,85,3.8,0,0
3264,84,3.4,0,0
3265,114,2.4,0,0
3266,61,0.5,0,0
3267,39,2.2,0,1
3268,21,1,0,0
3269,111,5.4,1,0
3270,68,2.8,0,0
3271,179,3.6,1,0
3272,93,4.1,1,1
3273,85,1.8,0,0
3274,180,4.1,0,0
3275,110,1.5,0,0
3276,65,1.2,0,0
3277,159,3.9,1,0
3278,81,3.2,0,0
3279,132,3.8,0,0
3280,44,2,0,0
3281,98,2.6,0,0
3282,62,1.5,0,1
3283,91,4.7,0,0
3284,29,0.7,0,0
3285,101,2.1,0,1
3286,65,0.7,0,0
3287,58,2.8,0,1
3288,32,0.8,0,0
3289,140,0.5,1,0
3290,44,0.3,0,1
3291,113,0.1,0,0
3292,38,1.3,0,0
3293,13,0.4,0,0
3294,62,2.5,0,0
3295,29,2,0,0
3296,141,4,1,0
3297,132,4.4,1,0
3298,23,0.3,0,1
3299,11,0.3,0,0
3300,90,1.9,0,0
3301,43,1.9,0,0
3302,59,2.6,0,1
3303,28,0.8,0,0
3304,28,0.7,0,1
3305,108,1,0,0
3306,78,2.8,0,0
3307,65,2.4,0,0
3308,25,1,0,0
3309,108,3.8,0,1
3310,43,0.2,0,0
3311,95,1,0,1
3312,24,0.3,0,0
3313,190,8.8,0,0
3314,24,0.9,0,0
3315,41,1.7,0,0
3316,80,1.1,0,0
3317,63,2,0,0
3318,79,2,0,0
3319,105,3.2,1,0
3320,153,2,1,1
3321,114,0.6,0,1
3322,120,5.2,0,0
3323,104,4,0,1
3324,20,1.3,0,0
3325,41,1.4,0,0
3326,35,1.3,0,0
3327,174,2.9,1,0
3328,164,1.3,1,1
3329,22,0.1,0,0
3330,132,3.8,0,1
3331,32,1.1,0,0
3332,21,0.1,0,1
3333,49,1.67,0,1
3334,79,0.1,0,0
3335,30,0.8,0,0
3336,118,7.8,0,0
3337,11,0.7,0,0
3338,61,2,0,0
3339,43,1.2,0,0
3340,141,5.1,1,0
3341,54,1.8,0,0
3342,33,0.3,0,0
3343,84,1.2,0,1
3344,125,1,1,0
3345,110,3.4,0,1
3346,14,1,0,1
3347,65,2.8,0,1
3348,78,2,0,1
3349,18,0.3,0,0
3350,95,4.5,0,0
3351,95,1.8,0,0
3352,191,1.7,0,0
3353,19,0.67,0,0
3354,19,0.6,0,1
3355,39,0.3,0,0
3356,93,2.4,0,1
3357,115,4.6,1,0
3358,112,2.7,0,1
3359,40,0.4,0,0
3360,45,0.6,0,0
3361,133,5,0,0
3362,85,1.6,0,1
3363,18,0.3,0,0
3364,54,1.3,0,0
3365,41,2.4,0,0
3366,21,0.67,0,0
3367,152,6,0,1
3368,53,1.6,0,0
3369,163,5.33,1,1
3370,84,0.1,0,0
3371,59,0.9,0,0
3372,33,0.5,0,0
3373,81,4.9,0,0
3374,182,7.2,1,1
3375,61,2.2,0,0
3376,88,1.1,0,0
3377,170,2.8,0,0
3378,83,0.7,0,0
3379,44,0.6,0,1
3380,83,2,0,0
3381,21,0.8,0,1
3382,143,3.5,0,1
3383,103,2.8,0,0
3384,135,4.1,1,0
3385,162,8.6,0,0
3386,73,0.4,0,0
3387,142,0.8,1,0
3388,25,0.2,0,0
3389,115,3.3,0,0
3390,88,0.8,0,0
3391,73,0.3,0,0
3392,94,0.8,0,0
3393,58,1,0,0
3394,81,0.9,0,1
3395,113,2.1,0,0
3396,35,1.4,0,0
3397,65,0,0,1
3398,170,6.7,0,0
3399,62,2.4,0,1
3400,54,2.1,0,0
3401,39,1.2,0,0
3402,28,1.4,0,1
3403,95,0,0,1
3404,82,3.7,1,0
3405,21,0.6,0,0
3406,50,2.1,0,0
3407,34,2,0,1
3408,19,0.7,0,0
3409,71,1.9,0,0
3410,113,2,0,1
3411,9,0.2,0,0
3412,118,2,0,0
3413,79,4.9,0,0
3414,72,1.4,0,1
3415,18,1.3,0,0
3416,93,2.2,0,1
3417,62,0,0,0
3418,23,1,0,1
3419,40,1.4,0,1
3420,34,1.7,0,1
3421,114,0.8,0,1
3422,125,2.4,0,1
3423,41,1.4,0,1
3424,38,1,0,0
3425,45,0,0,1
3426,12,1,0,0
3427,115,1.5,0,0
3428,175,8,0,0
3429,24,0.9,0,0
3430,28,1.4,0,1
3431,32,0.3,0,1
3432,63,1.7,0,0
3433,32,1,0,1
3434,60,1.3,0,0
3435,53,1.6,0,0
3436,58,1.3,0,0
3437,42,2.5,0,0
3438,39,0.7,0,0
3439,72,2.8,0,0
3440,80,0.1,0,1
3441,39,0.6,0,1
3442,18,0.3,0,1
3443,30,0.5,0,0
3444,54,2.8,0,0
3445,128,0.9,0,0
3446,38,1.5,0,1
3447,120,7.4,0,0
3448,25,0.1,0,0
3449,85,1.9,0,1
3450,135,4.8,1,0
3451,14,0.5,0,1
3452,70,1.6,0,1
3453,23,0.4,0,0
3454,31,0.3,0,0
3455,132,0.3,0,0
3456,28,0.5,0,1
3457,125,4.7,1,0
3458,91,2.8,0,0
3459,191,2.8,0,1
3460,88,1.8,0,0
3461,84,2.4,0,1
3462,64,2,0,0
3463,28,0.5,0,0
3464,149,0.8,0,0
3465,172,4.25,1,1
3466,42,1.9,0,0
3467,53,1,0,1
3468,149,0.2,1,0
3469,113,1.8,0,1
3470,79,2.5,0,0
3471,175,0.5,0,1
3472,38,1.4,0,0
3473,120,3,1,0
3474,52,0.7,0,0
3475,42,0.7,0,0
3476,13,0.3,0,0
3477,141,6.9,0,0
3478,131,4.33,0,1
3479,133,1.5,1,0
3480,64,2.5,0,0
3481,49,1.5,0,0
3482,34,0.3,0,0
3483,91,4.3,0,0
3484,195,4.7,0,0
3485,53,2.5,0,0
3486,39,0.8,0,0
3487,20,1,0,1
3488,104,1.8,0,1
3489,51,1.1,0,0
3490,154,6.4,1,0
3491,38,1.33,0,0
3492,12,0.4,0,1
3493,28,0.6,0,1
3494,33,0.4,0,0
3495,31,1.5,0,0
3496,44,1.8,0,0
3497,49,2,0,0
3498,134,0.3,0,0
3499,182,0.8,1,0
3500,114,0.3,0,0
3501,90,2.8,0,1
3502,105,1.7,0,0
3503,58,2,0,0
3504,53,2.1,0,0
3505,15,0.6,0,0
3506,103,0.8,0,1
3507,58,1.8,0,1
3508,83,2.67,0,1
3509,125,4.3,1,0
3510,61,0.9,0,0
3511,69,2.33,0,0
3512,89,1.5,0,0
3513,70,2.9,0,1
3514,39,1,0,0
3515,41,1.2,0,0
3516,148,0.4,0,0
3517,38,0.6,0,0
3518,95,3.9,1,1
3519,129,6,0,0
3520,84,1.8,0,0
3521,29,1.3,0,0
3522,30,0.8,0,0
3523,90,0,0,0
3524,150,0.8,0,1
3525,15,0.9,0,0
3526,13,0.9,0,0
3527,9,0.2,0,0
3528,24,1.1,0,0
3529,41,2.2,0,0
3530,25,1,0,1
3531,49,2.8,0,0
3532,58,0.9,0,1
3533,141,0,0,1
3534,50,2.1,0,0
3535,61,2,0,1
3536,65,1.2,0,1
3537,112,0.3,0,0
3538,19,0.3,0,0
3539,23,0.1,0,0
3540,60,2.2,0,0
3541,30,0.3,0,1
3542,144,5.4,1,0
3543,118,3,1,0
3544,194,0,0,0
3545,109,1.1,0,0
3546,174,2.4,0,0
3547,34,1.1,0,1
3548,84,0.7,0,0
3549,41,2,0,1
3550,92,1.6,0,0
3551,19,0.75,0,0
3552,55,0.5,0,0
3553,22,0.5,0,1
3554,155,7,0,0
3555,72,2,0,0
3556,81,2.7,0,0
3557,30,1.7,0,1
3558,54,2.9,0,1
3559,60,2.5,0,0
3560,68,1.5,0,0
3561,65,2.2,0,0
3562,31,1,0,0
3563,169,6.5,1,0
3564,139,0.9,1,0
3565,29,0.6,0,0
3566,43,1.1,0,1
3567,80,2.8,0,1
3568,43,1.3,0,0
3569,194,4.5,0,1
3570,24,0.8,0,0
3571,32,0.6,0,1
3572,153,5.6,1,0
3573,30,0.4,0,1
3574,165,5.6,1,1
3575,64,0.3,0,1
3576,15,0.6,0,0
3577,70,0.3,0,0
3578,32,2,0,0
3579,128,4.1,1,0
3580,84,2.9,0,1
3581,62,2.2,0,1
3582,33,1,0,1
3583,65,0,0,0
3584,33,1.5,0,0
3585,15,0.8,0,0
3586,45,1,0,0
3587,132,3.9,0,0
3588,29,0.1,0,0
3589,65,0,0,0
3590,52,2.4,0,0
3591,64,0.1,0,1
3592,73,2.3,0,1
3593,20,0.67,0,0
3594,44,0.3,0,0
3595,79,2.5,0,0
3596,104,1.8,0,0
3597,88,4.7,0,0
3598,51,2,0,0
3599,61,0.9,0,0
3600,23,0.1,0,1
3601,38,2.1,0,0
3602,75,2.6,0,0
3603,42,0.1,0,1
3604,45,0.1,0,1
3605,59,0.5,0,0
3606,130,2.6,1,0
3607,9,0,0,1
3608,62,0.9,0,0
3609,202,4.7,0,0
3610,162,4.3,0,1
3611,93,1.6,0,0
3612,145,0.9,0,0
3613,99,4.6,1,1
3614,148,5.8,1,0
3615,154,5.4,1,0
3616,149,6,0,1
3617,69,1.5,0,0
3618,30,0.3,0,0
3619,48,1,0,0
3620,42,0.3,0,0
3621,132,0.3,0,0
3622,81,1.7,0,0
3623,60,3.8,0,1
3624,45,1.7,0,0
3625,70,1.4,0,0
3626,71,2.9,0,0
3627,28,1,0,0
3628,83,0.2,0,1
3629,131,3.4,0,1
3630,82,0,0,1
3631,79,4,0,0
3632,51,1.9,0,0
3633,111,6.3,0,1
3634,93,0.3,0,0
3635,73,2.3,0,0
3636,24,0.5,0,0
3637,64,0.9,0,0
3638,104,1,0,0
3639,38,1.9,0,0
3640,191,8.1,0,0
3641,53,1.67,0,1
3642,74,2.3,0,0
3643,21,0.7,0,0
3644,80,1.6,0,1
3645,41,2.5,0,0
3646,79,3.7,0,1
3647,141,6.9,1,0
3648,32,1,0,1
3649,38,2,0,0
3650,85,1.8,0,0
3651,93,0.8,0,0
3652,140,1.9,1,1
3653,69,2.2,0,1
3654,32,2,0,1
3655,61,0.9,0,0
3656,125,2.4,0,0
3657,30,1,0,0
3658,104,2.4,0,1
3659,24,0.1,0,0
3660,22,0.4,0,0
3661,59,2.4,0,0
3662,120,4.1,1,1
3663,164,0,0,0
3664,60,1.6,0,1
3665,43,1.9,0,0
3666,70,2.33,0,0
3667,51,2.8,0,0
3668,59,1.6,0,0
3669,129,0.3,1,0
3670,22,1.4,0,1
3671,29,0.4,0,0
3672,18,0.4,0,0
3673,65,0.5,0,0
3674,65,1.3,0,1
3675,38,0.2,0,0
3676,110,2,0,0
3677,22,1.5,0,0
3678,43,0.3,0,1
3679,30,0.6,0,0
3680,134,6.3,0,0
3681,32,1.3,0,0
3682,139,4.3,0,0
3683,45,0.7,0,0
3684,62,3,0,0
3685,51,1.7,0,0
3686,93,0.8,0,0
3687,122,1.3,0,0
3688,45,1.33,0,0
3689,179,8.1,0,0
3690,64,2.8,0,1
3691,41,1.1,0,0
3692,58,0.6,0,1
3693,64,2.2,0,0
3694,28,1.7,0,0
3695,21,0.67,0,0
3696,60,2.8,0,0
3697,78,0.2,0,1
3698,59,0.5,0,0
3699,59,0.5,0,1
3700,83,1.4,0,1
3701,128,5.7,0,0
3702,95,2.6,0,0
3703,160,4.3,1,0
3704,78,2.4,0,0
3705,184,5.1,1,0
3706,30,1,0,0
3707,51,1.6,0,0
3708,35,0.6,0,0
3709,74,4,0,0
3710,43,1.2,0,0
3711,23,1,0,1
3712,20,0.4,0,0
3713,112,0.6,0,0
3714,74,0.7,0,1
3715,65,0.4,0,1
3716,124,0.2,0,1
3717,65,2.5,0,0
3718,73,2,0,0
3719,8,0.1,0,1
3720,53,2.3,0,0
3721,131,2.6,1,0
3722,13,0.3,0,1
3723,60,2.4,0,0
3724,45,1.6,0,0
3725,39,2.1,0,0
3726,78,2,0,0
3727,43,0.5,0,0
3728,31,0.3,0,1
3729,118,2.4,1,0
3730,82,0.1,0,0
3731,112,2.5,0,0
3732,10,0.4,0,0
3733,18,0.9,0,0
3734,72,0.3,0,0
3735,72,0.2,0,0
3736,78,5.2,0,0
3737,78,1.8,0,0
3738,30,0.5,0,0
3739,45,1.4,0,1
3740,80,0.4,0,0
3741,174,4.7,0,1
3742,51,3.2,0,0
3743,181,6,0,1
3744,78,1.4,0,1
3745,79,1.6,0,0
3746,119,5.4,0,0
3747,49,1.2,0,1
3748,83,3.9,1,0
3749,100,2.7,0,0
3750,70,2.33,0,0
3751,52,0.5,0,0
3752,12,1,0,0
3753,82,1.3,0,1
3754,34,0.3,0,1
3755,112,2.4,0,1
3756,42,1,0,0
3757,83,2.2,0,0
3758,142,1.4,1,0
3759,199,6.67,0,0
3760,29,1.5,0,1
3761,70,1.4,0,1
3762,25,0.7,0,0
3763,84,1.1,0,0
3764,81,4.4,0,1
3765,15,0.4,0,0
3766,54,0.3,0,0
3767,108,3.8,1,0
3768,83,2.67,0,1
3769,62,0.7,0,1
3770,134,3.3,0,0
3771,75,2.33,0,0
3772,109,2,0,1
3773,152,3,0,0
3774,83,2.4,0,0
3775,52,1.8,0,0
3776,31,2,0,1
3777,135,2.7,1,1
3778,98,0.9,0,0
3779,14,0.6,0,0
3780,64,2.6,0,1
3781,109,6.8,0,0
3782,118,1.3,0,1
3783,80,2.2,0,0
3784,51,1.4,0,0
3785,115,3.8,1,0
3786,83,2.4,0,0
3787,90,0.3,0,0
3788,28,1.7,0,0
3789,82,2.5,0,1
3790,24,0.4,0,1
3791,71,1.7,0,1
3792,80,0.3,0,0
3793,109,1.7,0,0
3794,140,2.9,0,0
3795,39,0.2,0,0
3796,39,1.2,0,0
3797,50,2.4,0,0
3798,31,0.3,0,0
3799,35,1,0,1
3800,44,0.2,0,1
3801,35,0.5,0,0
3802,20,0.3,0,1
3803,10,0.7,0,0
3804,83,2,0,0
3805,203,8.8,0,0
3806,84,0.8,0,0
3807,41,0.8,0,0
3808,164,7.8,0,1
3809,152,6.5,0,0
3810,62,1.6,0,0
3811,12,1,0,0
3812,28,0.6,0,0
3813,52,2,0,1
3814,19,1.3,0,0
3815,35,1.3,0,0
3816,28,0.3,0,0
3817,70,2,0,1
3818,140,0.9,0,0
3819,102,2.3,0,0
3820,50,2,0,0
3821,61,2.3,0,1
3822,188,3.7,1,0
3823,178,9,1,0
3824,44,0.9,0,0
3825,12,1,0,1
3826,69,3.4,0,1
3827,132,5,0,0
3828,128,3.9,0,0
3829,44,0.8,0,0
3830,44,0.5,0,1
3831,34,2,0,0
3832,132,3.9,0,0
3833,158,2.1,0,1
3834,83,0.1,0,0
3835,28,1.4,0,0
3836,131,2.2,1,0
3837,31,0.5,0,1
3838,40,0,0,0
3839,71,1.8,0,0
3840,42,2,0,0
3841,35,0.1,0,0
3842,81,0.2,0,0
3843,91,2,0,0
3844,129,5.2,1,1
3845,75,2.7,0,0
3846,54,0.6,0,0
3847,43,1.5,0,0
3848,94,1.1,0,0
3849,84,1.3,0,1
3850,34,2,0,0
3851,15,0.8,0,0
3852,99,3.8,0,0
3853,15,0.4,0,1
3854,83,2,0,0
3855,83,1.8,0,0
3856,143,1.7,0,0
3857,81,2.6,0,0
3858,39,1.9,0,0
3859,158,0.4,1,1
3860,62,1.4,0,0
3861,64,0.1,0,1
3862,29,1.5,0,0
3863,64,2.5,0,0
3864,21,0.7,0,0
3865,142,2.8,1,1
3866,64,2.5,0,0
3867,40,1.8,0,1
3868,61,2.7,0,0
3869,44,0.3,0,0
3870,78,2.67,0,1
3871,25,0.9,0,0
3872,125,1.9,0,1
3873,63,1,0,0
3874,54,1.6,0,0
3875,92,0,0,0
3876,119,0.6,0,1
3877,40,2.4,0,0
3878,41,1,0,0
3879,81,0,0,1
3880,101,2.5,0,0
3881,25,0.5,0,0
3882,55,1.5,0,0
3883,43,2.1,0,1
3884,98,1.8,0,0
3885,112,2.3,0,1
3886,69,4,0,0
3887,79,1.7,0,1
3888,118,7.2,0,0
3889,81,2.67,0,1
3890,19,0.1,0,0
3891,139,2.9,1,0
3892,63,0.5,0,0
3893,102,1.4,0,0
3894,40,1.7,0,0
3895,44,0.3,0,1
3896,59,2,0,0
3897,224,6.67,0,1
3898,64,2.3,0,0
3899,129,3.3,0,0
3900,43,1.4,0,1
3901,12,0.4,0,1
3902,53,2.6,0,0
3903,39,2.1,0,1
3904,65,0,0,0
3905,18,0.4,0,1
3906,55,1.6,0,0
3907,60,2.5,0,0
3908,42,0.3,0,0
3909,44,0.1,0,0
3910,111,1.3,0,0
3911,62,1,0,0
3912,44,0.8,0,1
3913,69,1.5,0,0
3914,62,0.8,0,0
3915,35,1.8,0,0
3916,91,2.8,0,1
3917,12,0.2,0,0
3918,89,0.1,0,0
3919,65,1.7,0,0
3920,179,4.5,1,0
3921,82,1.5,0,1
3922,48,1.2,0,0
3923,20,1.5,0,0
3924,91,2.8,0,0
3925,122,6,0,0
3926,22,1.4,0,0
3927,43,1.3,0,0
3928,38,1.7,0,1
3929,61,2.67,0,0
3930,33,0.4,0,0
3931,145,2.9,0,0
3932,170,1,0,0
3933,55,0.7,0,0
3934,40,2.5,0,0
3935,68,0,0,1
3936,53,2.5,0,0
3937,63,0.8,0,0
3938,123,2.2,0,1
3939,13,0,0,0
3940,12,0.2,0,1
3941,53,2.5,0,0
3942,79,2.7,0,1
3943,89,0.1,0,0
3944,188,9.3,1,0
3945,62,1.4,0,0
3946,123,5.6,1,0
3947,40,2.4,0,0
3948,119,5,1,0
3949,123,3.1,1,1
3950,23,0.4,0,1
3951,62,1.5,0,0
3952,69,2.1,0,0
3953,124,3.9,0,1
3954,52,0.1,0,0
3955,134,3.1,0,0
3956,58,0.8,0,0
3957,45,0.5,0,1
3958,75,1.1,0,0
3959,23,0.4,0,0
3960,123,1.3,1,0
3961,48,2.2,0,0
3962,145,0.3,0,0
3963,31,1,0,0
3964,38,2.2,0,0
3965,78,1.9,0,0
3966,94,1.9,0,0
3967,84,2.9,0,0
3968,22,0.6,0,0
3969,78,0.2,0,1
3970,75,2.33,0,0
3971,71,2.2,0,1
3972,24,0.5,0,1
3973,112,4.33,0,1
3974,53,2.8,0,0
3975,41,0.5,0,0
3976,25,0.5,0,0
3977,42,2.5,0,0
3978,51,1,0,1
3979,19,0.3,0,0
3980,90,0,0,1
3981,89,1.4,0,0
3982,22,0.5,0,1
3983,119,1.5,0,0
3984,93,3.6,1,0
3985,18,0.3,0,0
3986,32,1.1,0,0
3987,182,2.6,1,1
3988,19,0.2,0,1
3989,85,3.4,1,1
3990,90,1.4,0,0
3991,59,3.7,0,0
3992,84,2,0,0
3993,95,3.9,1,0
3994,13,0.9,0,0
3995,88,0.8,0,1
3996,34,0.6,0,1
3997,11,0.6,0,1
3998,80,1.7,0,0
3999,41,1.33,0,1
4000,90,0.8,0,0
4001,93,3,1,1
4002,81,1.9,0,0
4003,60,2.8,0,0
4004,39,0.6,0,1
4005,22,0.7,0,0
4006,32,0.8,0,0
4007,28,1.2,0,0
4008,35,1,0,1
4009,154,7.5,1,1
4010,189,7.6,0,0
4011,40,1.9,0,0
4012,88,1.7,0,0
4013,124,0.6,0,0
4014,23,0.3,0,0
4015,23,0.7,0,1
4016,139,2,0,1
4017,173,2.7,1,0
4018,42,1.3,0,0
4019,161,2.9,0,1
4020,28,0.7,0,0
4021,191,5.2,1,1
4022,42,0.3,0,1
4023,81,4,0,0
4024,175,0.7,1,0
4025,82,0.1,0,0
4026,53,1.8,0,1
4027,142,5.5,1,0
4028,42,1.9,0,0
4029,64,2.9,0,0
4030,90,1.3,0,0
4031,44,0.8,0,0
4032,29,0.3,0,0
4033,93,1.6,0,1
4034,69,1.4,0,0
4035,82,1.7,0,1
4036,180,6.5,1,0
4037,13,0.7,0,0
4038,72,0,0,0
4039,54,1.7,0,0
4040,104,4.6,0,1
4041,44,1.9,0,0
4042,40,0.2,0,1
4043,190,4.5,0,1
4044,64,2.6,0,1
4045,9,0.3,0,0
4046,38,0.7,0,0
4047,72,2.6,0,0
4048,82,5.2,0,0
4049,48,1.6,0,0
4050,82,2.6,0,0
4051,14,1,0,0
4052,162,2.9,0,1
4053,54,1.7,0,0
4054,90,0,0,0
4055,64,1.7,0,0
4056,65,2.1,0,1
4057,113,6.3,0,0
4058,38,2.1,0,0
4059,65,1.5,0,0
4060,39,1.5,0,0
4061,174,6.7,0,1
4062,59,1.75,0,0
4063,43,1.7,0,0
4064,24,0.1,0,1
4065,50,0,0,0
4066,68,3.7,0,0
4067,61,2,0,0
4068,21,0.5,0,0
4069,21,0.5,0,0
4070,31,1.3,0,0
4071,70,0.7,0,0
4072,25,1,0,1
4073,78,1,0,0
4074,19,0.2,0,0
4075,23,0.3,0,0
4076,40,0.8,0,0
4077,22,0.3,0,0
4078,71,1.8,0,0
4079,58,3.6,0,0
4080,75,2.2,0,0
4081,40,2,0,1
4082,155,1.5,1,1
4083,83,2.2,0,0
4084,99,1.1,0,0
4085,59,0,0,0
4086,53,2.4,0,0
4087,11,0.2,0,0
4088,179,4.2,1,0
4089,71,1.75,0,0
4090,85,2.1,0,0
4091,49,2.1,0,0
4092,122,1.3,0,1
4093,171,3.3,0,0
4094,138,2.2,1,0
4095,8,0.4,0,0
4096,59,0.4,0,0
4097,49,2.8,0,0
4098,92,2,0,0
4099,75,0,0,0
4100,60,2.8,0,1
4101,41,1.7,0,0
4102,40,0.6,0,1
4103,81,0.4,0,1
4104,52,0.8,0,1
4105,25,1,0,0
4106,139,3.4,0,0
4107,54,1.2,0,0
4108,81,2.9,0,1
4109,73,2.2,0,1
4110,30,1,0,1
4111,59,2.4,0,0
4112,21,1.5,0,0
4113,65,0.7,0,0
4114,41,1.1,0,0
4115,52,0.1,0,0
4116,84,1.1,0,0
4117,135,7.2,0,0
4118,18,0.2,0,0
4119,34,0.7,0,1
4120,85,1.8,0,0
4121,23,1.4,0,0
4122,65,2.8,0,1
4123,195,2.9,0,0
4124,40,2.6,0,0
4125,141,0.2,1,0
4126,95,0.7,0,1
4127,23,1.3,0,0
4128,82,1.8,0,1
4129,53,1.9,0,0
4130,10,0.4,0,1
4131,75,1.9,0,0
4132,23,0.4,0,0
4133,133,2.6,0,0
4134,129,3.4,0,1
4135,85,0.1,0,0
4136,168,2.8,0,0
4137,83,2,0,0
4138,52,1.1,0,0
4139,114,0.6,0,1
4140,81,2.9,0,0
4141,32,1.5,0,0
4142,63,2.1,0,0
4143,70,1.6,0,0
4144,20,0.3,0,0
4145,138,3.3,0,1
4146,63,1.6,0,0
4147,85,1.3,0,0
4148,180,6.5,1,1
4149,80,2,0,0
4150,53,0.7,0,0
4151,72,1.7,0,0
4152,123,5.9,1,1
4153,91,0.8,0,0
4154,148,6.8,0,0
4155,163,1.3,1,0
4156,28,0.1,0,1
4157,193,8.6,0,0
4158,22,0.9,0,0
4159,74,0.7,0,1
4160,70,1.9,0,1
4161,11,0.1,0,1
4162,61,2.6,0,0
4163,41,0.8,0,1
4164,108,1.9,1,0
4165,23,1.1,0,1
4166,135,3.8,1,0
4167,30,0.7,0,0
4168,144,3.5,1,0
4169,139,0.4,1,0
4170,143,2.7,1,0
4171,44,1.2,0,1
4172,49,2.5,0,0
4173,75,0.1,0,0
4174,43,0.3,0,0
4175,59,0.5,0,0
4176,154,4.9,1,1
4177,75,0.7,0,1
4178,75,2.6,0,1
4179,88,1.6,0,0
4180,91,3.4,1,0
4181,11,0.67,0,1
4182,22,0.4,0,0
4183,49,0.8,0,1
4184,140,3.5,0,0
4185,99,2.4,0,0
4186,82,2.5,0,0
4187,10,1,0,1
4188,109,2.2,0,1
4189,45,1.3,0,0
4190,93,1.7,0,0
4191,89,3.9,1,0
4192,39,1,0,0
4193,21,0.2,0,0
4194,31,0.2,0,0
4195,31,0.5,0,0
4196,52,2.2,0,0
4197,13,0.9,0,0
4198,21,0.4,0,0
4199,50,1.7,0,0
4200,81,0.2,0,1
4201,74,1.9,0,1
4202,89,0.5,0,0
4203,82,0.9,0,0
4204,88,1.9,0,0
4205,61,2.1,0,0
4206,139,3.9,0,0
4207,29,1.3,0,0
4208,51,2.1,0,1
4209,58,1.8,0,0
4210,21,1.4,0,0
4211,43,1.67,0,0
4212,104,1.8,0,0
4213,9,0.5,0,0
4214,39,1.9,0,0
4215,89,2.7,0,1
4216,21,0.3,0,0
4217,173,3.1,1,0
4218,29,0.3,0,1
4219,43,0.2,0,1
4220,30,0.4,0,0
4221,39,0.1,0,0
4222,83,0.4,0,0
4223,58,0.7,0,0
4224,8,0.5,0,1
4225,39,1,0,1
4226,204,8.8,0,0
4227,45,1.8,0,0
4228,111,3.8,0,0
4229,83,2,0,0
4230,83,3,0,0
4231,115,2.8,0,1
4232,60,1.8,0,0
4233,53,1.8,0,0
4234,134,3.3,0,0
4235,91,0.8,0,0
4236,91,0.2,0,0
4237,128,3.9,0,1
4238,78,4.4,0,0
4239,161,7.6,0,0
4240,60,2.2,0,0
4241,161,4.1,0,0
4242,40,2,0,1
4243,68,0.2,0,0
4244,74,0.7,0,0
4245,55,2,0,0
4246,145,3.5,0,1
4247,24,1.5,0,0
4248,10,0.8,0,0
4249,138,3.9,0,0
4250,63,2.1,0,0
4251,54,0.1,0,1
4252,62,0.9,0,0
4253,81,0.1,0,0
4254,61,3,0,1
4255,68,1.6,0,0
4256,78,2.8,0,0
4257,165,7.6,0,0
4258,48,2.2,0,1
4259,155,7.2,1,0
4260,158,3.7,1,1
4261,52,1.4,0,0
4262,18,0.8,0,0
4263,42,1.7,0,0
4264,18,0.2,0,0
4265,40,0.3,0,1
4266,44,0.6,0,0
4267,11,0.2,0,1
4268,194,5.7,1,0
4269,108,2.4,0,0
4270,12,0.5,0,0
4271,19,1.5,0,1
4272,150,6.33,0,0
4273,89,1.9,0,0
4274,83,3.8,0,1
4275,79,2,0,0
4276,102,3.4,0,0
4277,155,7.3,0,1
4278,138,3.5,0,0
4279,51,1.7,0,1
4280,80,1.8,0,1
4281,135,3.3,0,1
4282,34,1.5,0,1
4283,195,6.33,1,0
4284,62,2.2,0,1
4285,173,3.3,0,0
4286,149,7.2,0,0
4287,20,0.2,0,1
4288,42,2.5,0,1
4289,28,0.6,0,1
4290,95,1.9,0,0
4291,95,0,0,0
4292,34,0.1,0,0
4293,191,4.3,1,0
4294,41,1.5,0,1
4295,150,7.4,0,0
4296,91,0,0,0
4297,84,2.2,0,0
4298,73,3.4,0,0
4299,122,0.3,0,0
4300,73,2.6,0,0
4301,20,0.3,0,0
4302,130,1.1,1,0
4303,85,3.4,1,0
4304,134,3.3,0,1
4305,98,1.8,0,0
4306,54,1.6,0,0
4307,41,2,0,0
4308,128,6,1,0
4309,132,2.6,1,0
4310,188,2.9,1,0
4311,170,6.1,1,1
4312,14,0.9,0,0
4313,93,2.8,0,0
4314,79,2.7,0,1
4315,79,2.2,0,0
4316,62,1.8,0,0
4317,95,0.2,0,0
4318,60,1.3,0,0
4319,75,1.5,0,1
4320,85,0.1,0,1
4321,143,4.1,0,0
4322,34,2,0,1
4323,44,1.7,0,0
4324,31,0.9,0,0
4325,13,0.8,0,0
4326,52,1.5,0,1
4327,42,0.2,0,0
4328,102,2.1,0,1
4329,143,6.4,1,0
4330,10,0.7,0,0
4331,44,1.1,0,0
4332,158,6,0,1
4333,12,1,0,1
4334,59,1.2,0,0
4335,92,1.9,0,0
4336,82,2.8,0,1
4337,44,0,0,0
4338,182,3.2,1,0
4339,121,0.4,0,0
4340,38,1.7,0,1
4341,92,2.7,0,1
4342,53,1.6,0,0
4343,45,2.3,0,0
4344,63,3.6,0,0
4345,181,8.1,0,0
4346,184,4.2,1,1
4347,33,0.5,0,1
4348,22,0.2,0,0
4349,99,2.7,0,0
4350,44,1,0,0
4351,101,3.4,0,1
4352,32,2,0,1
4353,59,2.67,0,0
4354,25,0.5,0,1
4355,140,5.6,1,0
4356,29,0.75,0,0
4357,35,0.7,0,0
4358,141,6.3,1,1
4359,75,2,0,0
4360,58,2.8,0,0
4361,41,1.1,0,0
4362,42,2,0,1
4363,55,1.1,0,0
4364,18,0.3,0,0
4365,75,2.3,0,0
4366,85,2.5,0,0
4367,43,1.1,0,0
4368,149,3.9,0,1
4369,25,1,0,1
4370,19,0.4,0,1
4371,18,0.4,0,0
4372,13,0.6,0,0
4373,41,2.4,0,0
4374,139,4.3,0,0
4375,62,2.33,0,1
4376,51,2,0,0
4377,71,3,0,0
4378,145,2.7,1,0
4379,45,1.2,0,0
4380,53,1.9,0,0
4381,64,1.5,0,0
4382,39,0.8,0,0
4383,38,2.2,0,0
4384,85,2.5,0,0
4385,61,2.7,0,1
4386,23,1.2,0,1
4387,122,2.4,0,0
4388,72,0.7,0,0
4389,123,7.3,0,0
4390,40,1.6,0,1
4391,62,2.8,0,0
4392,113,3.3,0,1
4393,81,3.8,0,0
4394,59,1.6,0,0
4395,25,0.7,0,0
4396,25,0.6,0,1
4397,14,0.5,0,0
4398,19,0.1,0,0
4399,61,2.5,0,0
4400,21,0.1,0,0
4401,44,1.33,0,0
4402,42,1.5,0,1
4403,52,1.4,0,0
4404,112,0,0,0
4405,34,0.4,0,0
4406,83,1.7,0,0
4407,24,0.4,0,0
4408,71,1.7,0,1
4409,181,2.3,1,1
4410,75,0.2,0,0
4411,153,3,0,0
4412,75,1.8,0,1
4413,19,0.4,0,0
4414,31,1.5,0,1
4415,178,8.5,1,0
4416,65,1.5,0,1
4417,8,0.3,0,0
4418,92,1.1,0,0
4419,145,1.8,1,0
4420,85,3.7,0,0
4421,149,4.7,0,0
4422,9,0.6,0,1
4423,164,3.8,1,1
4424,40,0.5,0,0
4425,54,2.5,0,1
4426,164,4,1,0
4427,140,4.6,0,0
4428,18,0.4,0,0
4429,12,1,0,0
4430,140,2.7,0,0
4431,24,0.8,0,1
4432,60,1.8,0,0
4433,50,0.8,0,0
4434,44,1.9,0,1
4435,51,2.2,0,0
4436,34,1.3,0,0
4437,33,0.5,0,0
4438,63,1.5,0,0
4439,22,0,0,0
4440,104,3.6,1,1
4441,75,0.3,0,0
4442,75,1.7,0,0
4443,62,3.6,0,1
4444,48,1.8,0,0
4445,73,2.8,0,1
4446,135,1.4,0,1
4447,61,2.2,0,1
4448,78,2,0,0
4449,40,0.9,0,0
4450,44,0.2,0,1
4451,45,2.5,0,0
4452,18,0.4,0,0
4453,53,2.3,0,0
4454,11,0.1,0,0
4455,38,0.6,0,0
4456,28,1.5,0,1
4457,35,0.3,0,1
4458,81,1.7,0,0
4459,90,0.8,0,0
4460,115,4,0,0
4461,78,0.2,0,0
4462,30,1.9,0,0
4463,39,0.8,0,1
4464,69,0.1,0,0
4465,29,0.2,0,1
4466,54,2.2,0,1
4467,60,2.8,0,1
4468,99,0.1,0,0
4469,51,2.2,0,1
4470,53,0.5,0,1
4471,111,5.3,1,0
4472,79,0.8,0,0
4473,90,2.8,0,0
4474,18,0.3,0,1
4475,73,2.4,0,0
4476,59,0.8,0,0
4477,40,0.3,0,0
4478,41,1.5,0,1
4479,53,2.1,0,0
4480,128,4.33,0,0
4481,145,6,1,0
4482,35,1,0,0
4483,28,0.8,0,0
4484,155,1,0,1
4485,195,3,0,1
4486,50,2.2,0,0
4487,48,0.8,0,1
4488,81,3.6,0,1
4489,50,1.5,0,0
4490,21,0.2,0,0
4491,142,0,0,0
4492,64,0.4,0,0
4493,91,3,0,1
4494,74,2.6,0,1
4495,182,3.7,1,0
4496,82,2.67,0,0
4497,45,2.6,0,0
4498,85,3.2,0,0
4499,133,0.6,0,0
4500,22,0.5,0,1
4501,24,0.5,0,1
4502,38,2.2,0,1
4503,80,0,0,0
4504,33,0.5,0,0
4505,41,1.8,0,0
4506,90,1.1,0,0
4507,89,2.8,0,1
4508,8,0.9,0,1
4509,85,1.9,0,1
4510,53,1.7,0,0
4511,20,0.1,0,0
4512,9,1,0,1
4513,25,0.6,0,1
4514,114,1.7,0,0
4515,41,1,0,0
4516,49,2.1,0,0
4517,12,0.7,0,0
4518,50,2.5,0,0
4519,30,0.2,0,0
4520,32,0.6,0,1
4521,41,2,0,0
4522,25,0.1,0,0
4523,29,0.3,0,0
4524,50,1.7,0,0
4525,79,0.7,0,1
4526,110,3.8,0,1
4527,40,1.67,0,0
4528,18,0.6,0,1
4529,48,0.3,0,0
4530,40,1,0,0
4531,19,1,0,0
4532,35,1.33,0,1
4533,133,3.1,1,0
4534,19,0.5,0,0
4535,83,2.67,0,0
4536,39,2.1,0,0
4537,38,0.5,0,0
4538,63,2.5,0,1
4539,85,2,0,0
4540,14,1,0,0
4541,64,1.5,0,0
4542,124,3.8,0,0
4543,20,0.2,0,1
4544,33,0.1,0,0
4545,80,2.5,0,0
4546,35,0.2,0,0
4547,74,0.7,0,0
4548,32,0.7,0,0
4549,73,0.7,0,0
4550,41,0.8,0,0
4551,18,1.5,0,0
4552,28,1.5,0,0
4553,64,2.67,0,0
4554,44,0.7,0,0
4555,109,1,0,0
4556,71,0.3,0,0
4557,79,1.1,0,0
4558,30,1,0,0
4559,82,0.4,0,1
4560,101,2,0,0
4561,13,0.1,0,1
4562,59,1.4,0,0
4563,64,1.5,0,1
4564,188,4.5,0,0
4565,28,0.3,0,0
4566,120,4.2,1,1
4567,131,5.4,0,0
4568,19,0.5,0,0
4569,44,1.3,0,0
4570,49,2.2,0,0
4571,99,4.5,0,0
4572,95,3,0,0
4573,81,1.8,0,0
4574,73,0.8,0,1
4575,193,6.5,0,1
4576,115,0.5,1,0
4577,41,0.6,0,1
4578,80,1.7,0,1
4579,90,1.1,0,1
4580,41,0.2,0,0
4581,102,6.3,0,0
4582,59,1.5,0,1
4583,69,0.3,0,0
4584,83,3.1,1,0
4585,49,2.4,0,0
4586,180,3.6,1,1
4587,61,2.2,0,1
4588,59,0.2,0,0
4589,85,2.1,0,1
4590,13,0.5,0,0
4591,151,0.6,1,0
4592,44,1,0,0
4593,53,0.8,0,0
4594,133,5,1,1
4595,31,0.9,0,0
4596,101,2.2,0,0
4597,61,2.8,0,0
4598,68,2.6,0,0
4599,21,0.8,0,0
4600,149,0.4,0,0
4601,75,1.4,0,0
4602,55,2.5,0,0
4603,81,3.7,0,1
4604,179,8.6,0,0
4605,81,3.4,1,1
4606,42,1.2,0,0
4607,199,6.67,0,0
4608,18,0.5,0,1
4609,28,0.3,0,0
4610,80,2.6,0,0
4611,79,3.6,0,0
4612,52,1,0,0
4613,18,0.3,0,0
4614,52,1.7,0,1
4615,15,0.7,0,0
4616,84,0.7,0,0
4617,114,0.8,0,1
4618,41,0.5,0,1
4619,29,0.9,0,0
4620,23,0.1,0,0
4621,84,2.4,0,0
4622,60,1.7,0,1
4623,13,0.67,0,0
4624,45,0.6,0,0
4625,83,2.8,0,0
4626,102,4.7,1,0
4627,58,2.3,0,0
4628,134,1.7,1,0
4629,130,2.9,1,0
4630,148,3.3,0,1
4631,92,0.2,0,0
4632,142,6.2,1,1
4633,62,0.7,0,1
4634,50,1.5,0,0
4635,29,0.6,0,0
4636,85,2.5,0,1
4637,78,0.4,0,0
4638,85,1.9,0,1
4639,89,1.7,0,0
4640,33,0.9,0,1
4641,42,2.1,0,0
4642,31,1.7,0,1
4643,143,6.6,1,0
4644,35,0.8,0,0
4645,22,0.1,0,0
4646,45,1.7,0,0
4647,119,3.3,0,0
4648,43,1.3,0,0
4649,75,0.9,0,0
4650,121,4.3,0,0
4651,63,0.8,0,0
4652,58,1.7,0,0
4653,184,8,1,0
4654,155,6.5,0,1
4655,69,2.67,0,0
4656,188,7,1,0
4657,38,0.6,0,0
4658,9,0.3,0,1
4659,69,2.1,0,1
4660,199,6.33,0,0
4661,38,0.8,0,0
4662,129,5,0,0
4663,59,1.9,0,0
4664,115,1.9,0,0
4665,83,0.1,0,0
4666,65,3.2,0,0
4667,72,2.3,0,0
4668,72,1.6,0,0
4669,63,0.5,0,0
4670,64,1.8,0,1
4671,194,1.7,0,0
4672,104,4,0,1
4673,180,1.7,0,0
4674,18,1,0,1
4675,93,2.8,0,1
4676,32,1.33,0,1
4677,68,2.1,0,0
4678,38,1.6,0,0
4679,115,2.7,0,0
4680,161,7.2,0,0
4681,154,2.8,0,0
4682,68,0,0,1
4683,44,1,0,0
4684,149,0.4,0,0
4685,103,2.6,0,0
4686,41,1.3,0,0
4687,113,2.8,0,0
4688,48,1.3,0,1
4689,69,1.8,0,1
4690,43,1.1,0,1
4691,19,0.3,0,0
4692,65,2.1,0,0
4693,32,0.4,0,1
4694,20,0.3,0,0
4695,25,0.8,0,0
4696,70,2.8,0,1
4697,70,2.3,0,0
4698,103,2,0,0
4699,162,1.4,1,0
4700,61,2.8,0,1
4701,170,6,0,0
4702,49,2.8,0,0
4703,108,2.75,1,0
4704,62,2,0,0
4705,102,1.7,0,0
4706,141,0.7,1,1
4707,8,1,0,0
4708,91,1.6,0,1
4709,10,0.5,0,0
4710,35,1.7,0,1
4711,71,0.3,0,1
4712,59,2.4,0,0
4713,14,0.9,0,1
4714,122,0.2,0,0
4715,81,1.5,0,1
4716,35,0.5,0,0
4717,83,1.4,0,0
4718,121,1.5,0,0
4719,35,1,0,0
4720,140,6.6,1,1
4721,88,2.8,0,0
4722,70,1.1,0,0
4723,63,1.5,0,0
4724,125,3.5,0,1
4725,21,1,0,0
4726,75,1.8,0,0
4727,38,1.33,0,0
4728,58,2.67,0,1
4729,31,0.4,0,0
4730,18,1.5,0,0
4731,29,1.5,0,1
4732,29,1.4,0,1
4733,69,0.1,0,0
4734,121,4.9,0,0
4735,64,1.8,0,1
4736,84,2.2,0,0
4737,65,0.7,0,0
4738,85,1.8,0,0
4739,44,1.5,0,0
4740,174,4.7,0,1
4741,178,2.9,0,0
4742,55,2.5,0,0
4743,25,0.9,0,1
4744,21,0.2,0,0
4745,72,0.3,0,0
4746,129,0.3,0,1
4747,18,0.4,0,0
4748,91,1.4,0,0
4749,38,0.5,0,0
4750,21,1,0,0
4751,38,1.1,0,1
4752,154,1.7,0,1
4753,178,4.1,0,0
4754,85,0.2,0,1
4755,93,1.6,0,0
4756,151,6,0,0
4757,78,2.2,0,0
4758,135,1.5,0,0
4759,40,0.3,0,0
4760,80,0.1,0,0
4761,18,0,0,1
4762,74,0.7,0,1
4763,94,1.8,0,0
4764,173,0.5,1,0
4765,88,1,0,1
4766,82,4.3,0,0
4767,54,2.1,0,0
4768,45,0.9,0,0
4769,39,2,0,0
4770,20,1,0,0
4771,93,1.8,0,1
4772,85,1.2,0,0
4773,95,0.8,0,0
4774,48,1.9,0,0
4775,22,1.2,0,1
4776,33,0.75,0,0
4777,40,2.1,0,0
4778,30,0.4,0,0
4779,22,0.8,0,1
4780,20,0.6,0,0
4781,49,2.5,0,0
4782,25,0.1,0,0
4783,150,7.2,0,1
4784,32,0.3,0,0
4785,9,0.2,0,0
4786,23,0.9,0,0
4787,18,1,0,1
4788,42,0.6,0,0
4789,39,2,0,0
4790,84,1.6,0,0
4791,101,3.8,1,0
4792,43,0.4,0,1
4793,28,1,0,0
4794,59,2.5,0,0
4795,29,1.5,0,0
4796,39,1.3,0,0
4797,42,1.3,0,0
4798,24,1,0,0
4799,62,0.3,0,1
4800,33,0.3,0,1
4801,73,2.5,0,0
4802,88,0,0,0
4803,58,2.8,0,0
4804,48,2.1,0,0
4805,40,2.8,0,0
4806,160,4.3,0,0
4807,39,1.5,0,0
4808,53,2,0,1
4809,32,0.5,0,1
4810,32,0.6,0,0
4811,11,0.3,0,0
4812,123,3,1,0
4813,184,2.2,1,0
4814,60,0.7,0,1
4815,41,2.2,0,1
4816,99,1.4,0,1
4817,83,3,0,1
4818,134,3.3,0,0
4819,85,1.7,0,0
4820,41,0.9,0,0
4821,44,0.3,0,1
4822,62,0.1,0,1
4823,149,4.7,0,0
4824,115,4.2,1,1
4825,25,1,0,0
4826,84,1.6,0,0
4827,81,0,0,0
4828,181,4.3,0,0
4829,62,1.8,0,0
4830,11,0.5,0,1
4831,60,2.1,0,0
4832,42,2.1,0,1
4833,83,2.2,0,1
4834,109,0.6,0,0
4835,70,0.3,0,0
4836,25,0.4,0,0
4837,72,1.4,0,1
4838,183,0,0,0
4839,44,2.5,0,1
4840,52,0.2,0,0
4841,18,0.4,0,0
4842,40,0.4,0,0
4843,174,4.6,1,0
4844,41,2.5,0,0
4845,81,2.5,0,0
4846,128,4.7,0,0
4847,135,4.8,1,0
4848,65,2.4,0,0
4849,145,0.5,0,0
4850,65,1,0,1
4851,119,2.9,0,0
4852,124,0.3,0,0
4853,33,1.5,0,1
4854,41,0.2,0,0
4855,105,4.7,0,1
4856,130,2.7,0,0
4857,80,1.3,0,0
4858,115,0.8,0,1
4859,62,0.8,0,0
4860,165,7,1,0
4861,34,0.6,0,0
4862,18,0.4,0,0
4863,44,0.3,0,0
4864,25,0.8,0,0
4865,52,2.2,0,0
4866,133,1.4,1,1
4867,71,3.2,0,1
4868,61,0.2,0,0
4869,62,3.2,0,1
4870,33,0.1,0,1
4871,28,2,0,1
4872,53,1.9,0,0
4873,69,0.7,0,1
4874,165,6,0,0
4875,75,0.3,0,0
4876,54,1.5,0,0
4877,142,1.5,1,0
4878,53,0.1,0,0
4879,41,1,0,0
4880,43,1.7,0,0
4881,79,2.67,0,0
4882,24,0.2,0,0
4883,73,2.33,0,1
4884,129,4.1,1,1
4885,50,2.2,0,1
4886,28,0.8,0,0
4887,64,1.8,0,0
4888,49,0.9,0,1
4889,121,5.4,0,0
4890,58,2,0,0
4891,51,1.4,0,0
4892,61,0.9,0,1
4893,35,0.3,0,0
4894,39,2,0,1
4895,74,1.4,0,0
4896,201,2.8,0,1
4897,81,0.4,0,0
4898,44,2.4,0,0
4899,19,1.4,0,0
4900,85,1.3,0,0
4901,74,2.2,0,0
4902,54,1.1,0,0
4903,58,2.5,0,0
4904,18,0.1,0,1
4905,88,3.8,0,1
4906,19,0.5,0,0
4907,49,2.2,0,0
4908,101,0.6,0,0
4909,138,6.1,0,0
4910,25,0.1,0,1
4911,120,0,0,0
4912,153,7.5,0,0
4913,28,1.3,0,0
4914,110,2.9,0,0
4915,94,2,0,1
4916,48,1.3,0,1
4917,123,0.6,0,0
4918,33,1.2,0,0
4919,42,0.7,0,1
4920,68,3,0,1
4921,28,1.5,0,1
4922,42,0.5,0,1
4923,28,0.3,0,1
4924,73,3,0,1
4925,89,2.7,0,0
4926,82,3.4,0,0
4927,83,1.7,0,1
4928,121,0.7,1,1
4929,28,1.2,0,0
4930,39,0.3,0,0
4931,110,1.8,0,0
4932,55,1.4,0,0
4933,111,4.3,0,0
4934,94,4.7,0,1
4935,85,1.6,0,1
4936,81,1.4,0,0
4937,94,0.5,0,0
4938,162,8.6,0,1
4939,80,1.7,0,0
4940,70,2,0,1
4941,19,0.5,0,0
4942,112,1.6,1,0
4943,109,2.4,0,1
4944,12,0.1,0,0
4945,33,1.7,0,0
4946,49,1.7,0,1
4947,42,1.3,0,0
4948,41,0.3,0,1
4949,43,0.7,0,1
4950,64,0,0,1
4951,19,1,0,1
4952,65,2.2,0,1
4953,53,1.8,0,0
4954,32,1.5,0,0
4955,22,1.5,0,1
4956,39,0.7,0,1
4957,59,0.2,0,1
4958,50,1.75,0,1
4959,19,0.9,0,0
4960,55,1.6,0,0
4961,81,3,0,0
4962,108,1.2,0,1
4963,122,3,1,1
4964,98,4.5,0,0
4965,110,4.9,0,0
4966,33,1.8,0,0
4967,34,0.7,0,0
4968,69,0.1,0,0
4969,41,2.5,0,1
4970,60,0.4,0,0
4971,95,1.7,0,1
4972,73,1.4,0,0
4973,41,2.2,0,1
4974,68,4,0,0
4975,64,1.7,0,1
4976,29,1,0,0
4977,31,1.8,0,1
4978,54,0.8,0,0
4979,63,2,0,0
4980,92,2.6,0,1
4981,135,5.3,1,1
4982,195,3,0,0
4983,45,0.2,0,1
4984,72,2.9,0,0
4985,98,2.3,0,1
4986,30,1.7,0,0
4987,78,2.9,0,0
4988,43,1.7,0,0
4989,85,2.5,0,1
4990,38,1,0,0
4991,58,2,0,1
4992,92,1.9,0,1
4993,13,0.5,0,0
4994,218,6.67,0,0
4995,75,2,0,0
4996,40,1.9,0,0
4997,15,0.4,0,0
4998,24,0.3,0,0
4999,49,0.5,0,0
5000,83,0.8,0,1
